[LOG] System::create                           : Header version = 2.02.07. Current version = 2.02.07.
[LOG] Manager::init                            : maxchannels = 256 studioflags = 00000006 flags 00000000 extradriverdata 0000000000000000.
[LOG] SystemI::init                            : Initialize version=20207 (125130), maxchannels=256, flags=0x00020000
[LOG] SystemI::setOutputInternal               : Setting output to 'FMOD WASAPI Output'
[LOG] OutputWASAPI::init                       : Mix Format (WAVEFORMATEX): wFormatTag=0xFFFE, nChannels=2, nSamplesPerSec=48000, nAvgBytesPerSec=384000, nBlockAlign=8, wBitsPerSample=32, cbSize=22.
[LOG] OutputWASAPI::init                       : Mix Format (WAVEFORMATEXTENSIBLE): wValidBitsPerSample=32, dwChannelMask=0x00000003, SubFormat=00000003-0000-0010-8000-00AA00389B71.
[LOG] OutputWASAPI::init                       : Output buffer size: 4096 samples, latency: 0.00ms, period: 10.00ms, DSP buffer: 1024 * 4
[LOG] Thread::initThread                       : Init FMOD stream thread. Affinity: 0x4000000000000003, Priority: 0xFFFF7FFB, Stack Size: 98304, Semaphore: No, Sleep Time: 10, Looping: Yes.
[LOG] Thread::initThread                       : Init FMOD mixer thread. Affinity: 0x4000000000000001, Priority: 0xFFFF7FFA, Stack Size: 81920, Semaphore: No, Sleep Time: 0, Looping: Yes.
[LOG] AsyncManager::init                       : manager 000001388C384548 isAsync 0 updatePeriod 0.02
[LOG] AsyncManager::init                       : done
[LOG] PlaybackSystem::init                     : 
[LOG] Thread::initThread                       : Init FMOD Studio sample load thread. Affinity: 0x4000000000000003, Priority: 0xFFFF7FFD, Stack Size: 98304, Semaphore: No, Sleep Time: 1, Looping: No.
[LOG] PlaybackSystem::init                     : done
[LOG] Thread::initThread                       : Init FMOD Studio bank load thread. Affinity: 0x4000000000000003, Priority: 0xFFFF7FFD, Stack Size: 98304, Semaphore: No, Sleep Time: 1, Looping: No.
[LOG] Manager::init                            : done.
[LOG] Manager::readBank                        : fileversion = 142, compatVersion = 140 (oldest = 44, newest = 142)
[LOG] Manager::readBank                        : fileversion = 142, compatVersion = 140 (oldest = 44, newest = 142)
[LOG] Manager::readBank                        : fileversion = 142, compatVersion = 140 (oldest = 44, newest = 142)
[LOG] PlaybackSystem::acquireMasterBus         : Setting master channel group format to 6
[LOG] SoundI::release                          : 3039_SND_L1_BGM (0000013675824858)
[LOG] SoundI::release                          :     3039_SND_L1_BGM (000001386B914678)
[LOG] SoundI::release                          :     3039_SND_L1_BGM (0000013675820178)
[LOG] SystemI::createSound                     : filename = ../Sounds/Candification_FMOD/Build/Desktop/Master.bank : mode 02010082
[LOG] SystemI::createSound                     : FMOD_NONBLOCKING specified.  Putting into queue to be opened asynchronously!
[LOG] SystemI::createSound                     : setdata soundi = 000001392FA99AE8 : node = 00000138673E20A0
[LOG] SystemI::createSound                     : add node to async list : head = 000001367539F178.  list count = 0
[LOG] AsyncThread::threadFunc                  : Starting Asynchronous operation on sound 000001392FA99AE8
[LOG] SystemI::createSoundInternal             :     Create name='../Sounds/Candification_FMOD/Build/Desktop/Master.bank', mode=0x02010082
[LOG] SystemI::createSoundInternal             :     exinfo->cbsize             = 224
[LOG] SystemI::createSoundInternal             :     exinfo->length             = 7146560
[LOG] SystemI::createSoundInternal             :     exinfo->fileoffset         = 101440
[LOG] SystemI::createSoundInternal             :     exinfo->numsubsounds       = 1
[LOG] SystemI::createSoundInternal             :     exinfo->inclusionlist      = 00000138673E21B0
[LOG] SystemI::createSoundInternal             :     exinfo->inclusionlistnum   = 1
[LOG] SystemI::createSoundInternal             :     exinfo->suggestedsoundtype = 5
[LOG] SystemI::createSoundInternal             :     exinfo->initialseekpostype = 1
[LOG] SystemI::createSoundInternal             :     Create name='', mode=0x02000202
[LOG] SystemI::createSoundInternal             :     exinfo->cbsize             = 224
[LOG] SystemI::createSoundInternal             :     exinfo->length             = 7146560
[LOG] SystemI::createSoundInternal             :     exinfo->fileoffset         = 101440
[LOG] SystemI::createSoundInternal             :     exinfo->numsubsounds       = 1
[LOG] SystemI::createSoundInternal             :     exinfo->inclusionlist      = 00000002108FF4B8
[LOG] SystemI::createSoundInternal             :     exinfo->inclusionlistnum   = 1
[LOG] SystemI::createSoundInternal             :     exinfo->suggestedsoundtype = 5
[LOG] SystemI::createSoundInternal             :     exinfo->useropen           = 00007FF9C02746D0
[LOG] SystemI::createSoundInternal             :     exinfo->userclose          = 00007FF9C02746A0
[LOG] SystemI::createSoundInternal             :     exinfo->userread           = 00007FF9C02747A0
[LOG] SystemI::createSoundInternal             :     exinfo->userseek           = 00007FF9C0274860
[LOG] SystemI::createSoundInternal             :     exinfo->fileuserdata       = 0000013675B2E938
[LOG] SystemI::createSoundInternal             :     exinfo->initialseekpostype = 1
[LOG] SystemI::DSPCodecPoolRegister            :     register codec pool for pool type 5
[LOG] SystemI::createSoundInternal             :     Sample 0/1: name='Ambient Candy 3', format=5, channels=2, frequency=48000, lengthbytes=100512, lengthpcm=327303, pcmblocksize=0, loopstart=0, loopend=0, mode=0x00000000, channelmask=0x00000000, channelorder=0, peakvolume=0.786926.
[LOG] SystemI::createSoundInternal             :     Stream 0/1: name='mainfloor', format=5, channels=2, frequency=48000, lengthbytes=1338624, lengthpcm=6278400, pcmblocksize=0, loopstart=0, loopend=0, mode=0x00000000, channelmask=0x00000000, channelorder=0, peakvolume=0.421283.
[LOG] SystemI::createSoundInternal             :     Create name='', mode=0x02000202
[LOG] SystemI::createSoundInternal             :     exinfo->cbsize             = 224
[LOG] SystemI::createSoundInternal             :     exinfo->length             = 7146560
[LOG] SystemI::createSoundInternal             :     exinfo->fileoffset         = 101440
[LOG] SystemI::createSoundInternal             :     exinfo->numsubsounds       = 1
[LOG] SystemI::createSoundInternal             :     exinfo->inclusionlist      = 00000002108FF4B8
[LOG] SystemI::createSoundInternal             :     exinfo->inclusionlistnum   = 1
[LOG] SystemI::createSoundInternal             :     exinfo->suggestedsoundtype = 5
[LOG] SystemI::createSoundInternal             :     exinfo->useropen           = 00007FF9C02746D0
[LOG] SystemI::createSoundInternal             :     exinfo->userclose          = 00007FF9C02746A0
[LOG] SystemI::createSoundInternal             :     exinfo->userread           = 00007FF9C02747A0
[LOG] SystemI::createSoundInternal             :     exinfo->userseek           = 00007FF9C0274860
[LOG] SystemI::createSoundInternal             :     exinfo->fileuserdata       = 0000013675B2E938
[LOG] SystemI::createSoundInternal             :     exinfo->initialseekpostype = 1
[LOG] SystemI::DSPCodecPoolRegister            :     register codec pool for pool type 5
[LOG] SystemI::createSoundInternal             :     Sample 0/1: name='Ambient Candy 2', format=5, channels=2, frequency=48000, lengthbytes=123424, lengthpcm=407233, pcmblocksize=0, loopstart=0, loopend=0, mode=0x00000000, channelmask=0x00000000, channelorder=0, peakvolume=0.450439.
[LOG] SystemI::createSoundInternal             :     Create name='', mode=0x02000202
[LOG] SystemI::createSoundInternal             :     exinfo->cbsize             = 224
[LOG] SystemI::createSoundInternal             :     exinfo->length             = 7146560
[LOG] SystemI::createSoundInternal             : exinfo->fileoffset         = 101440
[LOG] AsyncThread::threadFunc                  : Finished Asynchronous operation on sound 000001392FA99AE8
[LOG] SystemI::createSoundInternal             : exinfo->numsubsounds       = 1
[LOG] SystemI::createSoundInternal             : exinfo->inclusionlist      = 00000002108FF4B8
[LOG] SystemI::createSoundInternal             : exinfo->inclusionlistnum   = 1
[LOG] SystemI::createSoundInternal             : exinfo->suggestedsoundtype = 5
[LOG] SystemI::createSoundInternal             : exinfo->useropen           = 00007FF9C02746D0
[LOG] SystemI::createSoundInternal             : exinfo->userclose          = 00007FF9C02746A0
[LOG] SystemI::createSoundInternal             : exinfo->userread           = 00007FF9C02747A0
[LOG] SystemI::createSoundInternal             : exinfo->userseek           = 00007FF9C0274860
[LOG] SystemI::createSoundInternal             : exinfo->fileuserdata       = 0000013675B2E938
[LOG] SystemI::createSoundInternal             : exinfo->initialseekpostype = 1
[LOG] SystemI::DSPCodecPoolRegister            : register codec pool for pool type 5
[LOG] SystemI::createSoundInternal             : Sample 0/1: name='Grass Step 4', format=5, channels=2, frequency=48000, lengthbytes=2112, lengthpcm=6681, pcmblocksize=0, loopstart=0, loopend=0, mode=0x00000000, channelmask=0x00000000, channelorder=0, peakvolume=0.178772.
[LOG] SystemI::createSoundInternal             : Create name='', mode=0x02000202
[LOG] SystemI::createSoundInternal             : exinfo->cbsize             = 224
[LOG] SystemI::createSoundInternal             : exinfo->length             = 7146560
[LOG] SystemI::createSoundInternal             : exinfo->fileoffset         = 101440
[LOG] SystemI::createSoundInternal             : exinfo->numsubsounds       = 1
[LOG] SystemI::createSoundInternal             : exinfo->inclusionlist      = 00000002108FF4B8
[LOG] SystemI::createSoundInternal             : exinfo->inclusionlistnum   = 1
[LOG] SystemI::createSoundInternal             : exinfo->suggestedsoundtype = 5
[LOG] SystemI::createSoundInternal             : exinfo->useropen           = 00007FF9C02746D0
[LOG] SystemI::createSoundInternal             : exinfo->userclose          = 00007FF9C02746A0
[LOG] SystemI::createSoundInternal             : exinfo->userread           = 00007FF9C02747A0
[LOG] SystemI::createSoundInternal             : exinfo->userseek           = 00007FF9C0274860
[LOG] SystemI::createSoundInternal             : exinfo->fileuserdata       = 0000013675B2E938
[LOG] SystemI::createSoundInternal             : exinfo->initialseekpostype = 1
[LOG] SystemI::DSPCodecPoolRegister            : register codec pool for pool type 5
[LOG] SystemI::createSoundInternal             : Sample 0/1: name='Grass Step 5', format=5, channels=2, frequency=48000, lengthbytes=1888, lengthpcm=6478, pcmblocksize=0, loopstart=0, loopend=0, mode=0x00000000, channelmask=0x00000000, channelorder=0, peakvolume=0.069244.
[LOG] SystemI::createSoundInternal             : Create name='', mode=0x02000202
[LOG] SystemI::createSoundInternal             : exinfo->cbsize             = 224
[LOG] SystemI::createSoundInternal             : exinfo->length             = 7146560
[LOG] SystemI::createSoundInternal             : exinfo->fileoffset         = 101440
[LOG] SystemI::createSoundInternal             : exinfo->numsubsounds       = 1
[LOG] SystemI::createSoundInternal             : exinfo->inclusionlist      = 00000002108FF4B8
[LOG] SystemI::createSoundInternal             : exinfo->inclusionlistnum   = 1
[LOG] SystemI::createSoundInternal             : exinfo->suggestedsoundtype = 5
[LOG] SystemI::createSoundInternal             : exinfo->useropen           = 00007FF9C02746D0
[LOG] SystemI::createSoundInternal             : exinfo->userclose          = 00007FF9C02746A0
[LOG] SystemI::createSoundInternal             : exinfo->userread           = 00007FF9C02747A0
[LOG] SystemI::createSoundInternal             : exinfo->userseek           = 00007FF9C0274860
[LOG] SystemI::createSoundInternal             : exinfo->fileuserdata       = 0000013675B2E938
[LOG] SystemI::createSoundInternal             : exinfo->initialseekpostype = 1
[LOG] SystemI::DSPCodecPoolRegister            : register codec pool for pool type 5
[LOG] SystemI::createSoundInternal             : Sample 0/1: name='Carpet Step 1', format=5, channels=2, frequency=48000, lengthbytes=2368, lengthpcm=8387, pcmblocksize=0, loopstart=0, loopend=0, mode=0x00000000, channelmask=0x00000000, channelorder=0, peakvolume=0.126770.
[LOG] SystemI::createSoundInternal             : Create name='', mode=0x02000202
[LOG] SystemI::createSoundInternal             : exinfo->cbsize             = 224
[LOG] SystemI::createSoundInternal             : exinfo->length             = 7146560
[LOG] SystemI::createSoundInternal             : exinfo->fileoffset         = 101440
[LOG] SystemI::createSoundInternal             : exinfo->numsubsounds       = 1
[LOG] SystemI::createSoundInternal             : exinfo->inclusionlist      = 00000002108FF4B8
[LOG] SystemI::createSoundInternal             : exinfo->inclusionlistnum   = 1
[LOG] SystemI::createSoundInternal             : exinfo->suggestedsoundtype = 5
[LOG] SystemI::createSoundInternal             : exinfo->useropen           = 00007FF9C02746D0
[LOG] SystemI::createSoundInternal             : exinfo->userclose          = 00007FF9C02746A0
[LOG] SystemI::createSoundInternal             : exinfo->userread           = 00007FF9C02747A0
[LOG] SystemI::createSoundInternal             : exinfo->userseek           = 00007FF9C0274860
[LOG] SystemI::createSoundInternal             : exinfo->fileuserdata       = 0000013675B2E938
[LOG] SystemI::createSoundInternal             : exinfo->initialseekpostype = 1
[LOG] SystemI::DSPCodecPoolRegister            : register codec pool for pool type 5
[LOG] SystemI::createSoundInternal             : Sample 0/1: name='Step 5', format=5, channels=2, frequency=48000, lengthbytes=1824, lengthpcm=11783, pcmblocksize=0, loopstart=0, loopend=0, mode=0x00000000, channelmask=0x00000000, channelorder=0, peakvolume=0.227509.
[LOG] SystemI::createSoundInternal             : Create name='', mode=0x02000202
[LOG] SystemI::createSoundInternal             : exinfo->cbsize             = 224
[LOG] SystemI::createSoundInternal             : exinfo->length             = 7146560
[LOG] SystemI::createSoundInternal             : exinfo->fileoffset         = 101440
[LOG] SystemI::createSoundInternal             : exinfo->numsubsounds       = 1
[LOG] SystemI::createSoundInternal             : exinfo->inclusionlist      = 00000002108FF4B8
[LOG] SystemI::createSoundInternal             : exinfo->inclusionlistnum   = 1
[LOG] SystemI::createSoundInternal             : exinfo->suggestedsoundtype = 5
[LOG] SystemI::createSoundInternal             : exinfo->useropen           = 00007FF9C02746D0
[LOG] SystemI::createSoundInternal             : exinfo->userclose          = 00007FF9C02746A0
[LOG] SystemI::createSoundInternal             : exinfo->userread           = 00007FF9C02747A0
[LOG] SystemI::createSoundInternal             : exinfo->userseek           = 00007FF9C0274860
[LOG] SystemI::createSoundInternal             : exinfo->fileuserdata       = 0000013675B2E938
[LOG] SystemI::createSoundInternal             : exinfo->initialseekpostype = 1
[LOG] SystemI::DSPCodecPoolRegister            : register codec pool for pool type 5
[LOG] SystemI::createSoundInternal             : Sample 0/1: name='Step 4', format=5, channels=2, frequency=48000, lengthbytes=1952, lengthpcm=11829, pcmblocksize=0, loopstart=0, loopend=0, mode=0x00000000, channelmask=0x00000000, channelorder=0, peakvolume=0.393616.
[LOG] SystemI::createSoundInternal             : Create name='', mode=0x02000202
[LOG] SystemI::createSoundInternal             : exinfo->cbsize             = 224
[LOG] SystemI::createSoundInternal             : exinfo->length             = 7146560
[LOG] SystemI::createSoundInternal             : exinfo->fileoffset         = 101440
[LOG] SystemI::createSoundInternal             : exinfo->numsubsounds       = 1
[LOG] SystemI::createSoundInternal             : exinfo->inclusionlist      = 00000002108FF4B8
[LOG] SystemI::createSoundInternal             : exinfo->inclusionlistnum   = 1
[LOG] SystemI::createSoundInternal             : exinfo->suggestedsoundtype = 5
[LOG] SystemI::createSoundInternal             : exinfo->useropen           = 00007FF9C02746D0
[LOG] SystemI::createSoundInternal             : exinfo->userclose          = 00007FF9C02746A0
[LOG] SystemI::createSoundInternal             : exinfo->userread           = 00007FF9C02747A0
[LOG] SystemI::createSoundInternal             : exinfo->userseek           = 00007FF9C0274860
[LOG] SystemI::createSoundInternal             : exinfo->fileuserdata       = 0000013675B2E938
[LOG] SystemI::createSoundInternal             : exinfo->initialseekpostype = 1
[LOG] SystemI::DSPCodecPoolRegister            : register codec pool for pool type 5
[LOG] SystemI::createSoundInternal             : Sample 0/1: name='Grass Step 1', format=5, channels=2, frequency=48000, lengthbytes=2368, lengthpcm=7358, pcmblocksize=0, loopstart=0, loopend=0, mode=0x00000000, channelmask=0x00000000, channelorder=0, peakvolume=0.142914.
[LOG] SystemI::createSoundInternal             : Create name='', mode=0x02000202
[LOG] SystemI::createSoundInternal             : exinfo->cbsize             = 224
[LOG] SystemI::createSoundInternal             : exinfo->length             = 7146560
[LOG] SystemI::createSoundInternal             : exinfo->fileoffset         = 101440
[LOG] SystemI::createSoundInternal             : exinfo->numsubsounds       = 1
[LOG] SystemI::createSoundInternal             : exinfo->inclusionlist      = 00000002108FF4B8
[LOG] SystemI::createSoundInternal             : exinfo->inclusionlistnum   = 1
[LOG] SystemI::createSoundInternal             : exinfo->suggestedsoundtype = 5
[LOG] SystemI::createSoundInternal             : exinfo->useropen           = 00007FF9C02746D0
[LOG] SystemI::createSoundInternal             : exinfo->userclose          = 00007FF9C02746A0
[LOG] SystemI::createSoundInternal             : exinfo->userread           = 00007FF9C02747A0
[LOG] SystemI::createSoundInternal             : exinfo->userseek           = 00007FF9C0274860
[LOG] SystemI::createSoundInternal             : exinfo->fileuserdata       = 0000013675B2E938
[LOG] SystemI::createSoundInternal             : exinfo->initialseekpostype = 1
[LOG] SystemI::DSPCodecPoolRegister            : register codec pool for pool type 5
[LOG] SystemI::createSoundInternal             : Sample 0/1: name='Grass Step 2', format=5, channels=2, frequency=48000, lengthbytes=2656, lengthpcm=8464, pcmblocksize=0, loopstart=0, loopend=0, mode=0x00000000, channelmask=0x00000000, channelorder=0, peakvolume=0.182739.
[LOG] SystemI::createSoundInternal             : Create name='', mode=0x02000202
[LOG] SystemI::createSoundInternal             : exinfo->cbsize             = 224
[LOG] SystemI::createSoundInternal             : exinfo->length             = 7146560
[LOG] SystemI::createSoundInternal             : exinfo->fileoffset         = 101440
[LOG] SystemI::createSoundInternal             : exinfo->numsubsounds       = 1
[LOG] SystemI::createSoundInternal             : exinfo->inclusionlist      = 00000002108FF4B8
[LOG] SystemI::createSoundInternal             : exinfo->inclusionlistnum   = 1
[LOG] SystemI::createSoundInternal             : exinfo->suggestedsoundtype = 5
[LOG] SystemI::createSoundInternal             : exinfo->useropen           = 00007FF9C02746D0
[LOG] SystemI::createSoundInternal             : exinfo->userclose          = 00007FF9C02746A0
[LOG] SystemI::createSoundInternal             : exinfo->userread           = 00007FF9C02747A0
[LOG] SystemI::createSoundInternal             : exinfo->userseek           = 00007FF9C0274860
[LOG] SystemI::createSoundInternal             : exinfo->fileuserdata       = 0000013675B2E938
[LOG] SystemI::createSoundInternal             : exinfo->initialseekpostype = 1
[LOG] SystemI::DSPCodecPoolRegister            : register codec pool for pool type 5
[LOG] SystemI::createSoundInternal             : Sample 0/1: name='Carpet Step 2', format=5, channels=2, frequency=48000, lengthbytes=2464, lengthpcm=8515, pcmblocksize=0, loopstart=0, loopend=0, mode=0x00000000, channelmask=0x00000000, channelorder=0, peakvolume=0.151947.
[LOG] SystemI::createSoundInternal             : Create name='', mode=0x02000202
[LOG] SystemI::createSoundInternal             : exinfo->cbsize             = 224
[LOG] SystemI::createSoundInternal             : exinfo->length             = 7146560
[LOG] SystemI::createSoundInternal             : exinfo->fileoffset         = 101440
[LOG] SystemI::createSoundInternal             : exinfo->numsubsounds       = 1
[LOG] SystemI::createSoundInternal             : exinfo->inclusionlist      = 00000002108FF4B8
[LOG] SystemI::createSoundInternal             : exinfo->inclusionlistnum   = 1
[LOG] SystemI::createSoundInternal             : exinfo->suggestedsoundtype = 5
[LOG] SystemI::createSoundInternal             : exinfo->useropen           = 00007FF9C02746D0
[LOG] SystemI::createSoundInternal             : exinfo->userclose          = 00007FF9C02746A0
[LOG] SystemI::createSoundInternal             : exinfo->userread           = 00007FF9C02747A0
[LOG] SystemI::createSoundInternal             : exinfo->userseek           = 00007FF9C0274860
[LOG] SystemI::createSoundInternal             : exinfo->fileuserdata       = 0000013675B2E938
[LOG] SystemI::createSoundInternal             : exinfo->initialseekpostype = 1
[LOG] SystemI::DSPCodecPoolRegister            : register codec pool for pool type 5
[LOG] SystemI::createSoundInternal             : Sample 0/1: name='Step 1', format=5, channels=2, frequency=48000, lengthbytes=2240, lengthpcm=11986, pcmblocksize=0, loopstart=0, loopend=0, mode=0x00000000, channelmask=0x00000000, channelorder=0, peakvolume=0.482086.
[LOG] SystemI::createSoundInternal             : Create name='', mode=0x02000202
[LOG] SystemI::createSoundInternal             : exinfo->cbsize             = 224
[LOG] SystemI::createSoundInternal             : exinfo->length             = 7146560
[LOG] SystemI::createSoundInternal             : exinfo->fileoffset         = 101440
[LOG] SystemI::createSoundInternal             : exinfo->numsubsounds       = 1
[LOG] SystemI::createSoundInternal             : exinfo->inclusionlist      = 00000002108FF4B8
[LOG] SystemI::createSoundInternal             : exinfo->inclusionlistnum   = 1
[LOG] SystemI::createSoundInternal             : exinfo->suggestedsoundtype = 5
[LOG] SystemI::createSoundInternal             : exinfo->useropen           = 00007FF9C02746D0
[LOG] SystemI::createSoundInternal             : exinfo->userclose          = 00007FF9C02746A0
[LOG] SystemI::createSoundInternal             : exinfo->userread           = 00007FF9C02747A0
[LOG] SystemI::createSoundInternal             : exinfo->userseek           = 00007FF9C0274860
[LOG] SystemI::createSoundInternal             : exinfo->fileuserdata       = 0000013675B2E938
[LOG] SystemI::createSoundInternal             : exinfo->initialseekpostype = 1
[LOG] SystemI::DSPCodecPoolRegister            : register codec pool for pool type 5
[LOG] SystemI::createSoundInternal             : Sample 0/1: name='Carpet Step 4', format=5, channels=2, frequency=48000, lengthbytes=2528, lengthpcm=8130, pcmblocksize=0, loopstart=0, loopend=0, mode=0x00000000, channelmask=0x00000000, channelorder=0, peakvolume=0.290497.
[LOG] SystemI::createSoundInternal             : Create name='', mode=0x02000202
[LOG] SystemI::createSoundInternal             : exinfo->cbsize             = 224
[LOG] SystemI::createSoundInternal             : exinfo->length             = 7146560
[LOG] SystemI::createSoundInternal             : exinfo->fileoffset         = 101440
[LOG] SystemI::createSoundInternal             : exinfo->numsubsounds       = 1
[LOG] SystemI::createSoundInternal             : exinfo->inclusionlist      = 00000002108FF4B8
[LOG] SystemI::createSoundInternal             : exinfo->inclusionlistnum   = 1
[LOG] SystemI::createSoundInternal             : exinfo->suggestedsoundtype = 5
[LOG] SystemI::createSoundInternal             : exinfo->useropen           = 00007FF9C02746D0
[LOG] SystemI::createSoundInternal             : exinfo->userclose          = 00007FF9C02746A0
[LOG] SystemI::createSoundInternal             : exinfo->userread           = 00007FF9C02747A0
[LOG] SystemI::createSoundInternal             : exinfo->userseek           = 00007FF9C0274860
[LOG] SystemI::createSoundInternal             : exinfo->fileuserdata       = 0000013675B2E938
[LOG] SystemI::createSoundInternal             : exinfo->initialseekpostype = 1
[LOG] SystemI::DSPCodecPoolRegister            : register codec pool for pool type 5
[LOG] SystemI::createSoundInternal             : Sample 0/1: name='Grass Step 3', format=5, channels=2, frequency=48000, lengthbytes=1856, lengthpcm=5959, pcmblocksize=0, loopstart=0, loopend=0, mode=0x00000000, channelmask=0x00000000, channelorder=0, peakvolume=0.098114.
[LOG] SystemI::createSoundInternal             : Create name='', mode=0x02000202
[LOG] SystemI::createSoundInternal             : exinfo->cbsize             = 224
[LOG] SystemI::createSoundInternal             : exinfo->length             = 7146560
[LOG] SystemI::createSoundInternal             : exinfo->fileoffset         = 101440
[LOG] SystemI::createSoundInternal             : exinfo->numsubsounds       = 1
[LOG] SystemI::createSoundInternal             : exinfo->inclusionlist      = 00000002108FF4B8
[LOG] SystemI::createSoundInternal             : exinfo->inclusionlistnum   = 1
[LOG] SystemI::createSoundInternal             : exinfo->suggestedsoundtype = 5
[LOG] SystemI::createSoundInternal             : exinfo->useropen           = 00007FF9C02746D0
[LOG] SystemI::createSoundInternal             : exinfo->userclose          = 00007FF9C02746A0
[LOG] SystemI::createSoundInternal             : exinfo->userread           = 00007FF9C02747A0
[LOG] SystemI::createSoundInternal             : exinfo->userseek           = 00007FF9C0274860
[LOG] SystemI::createSoundInternal             : exinfo->fileuserdata       = 0000013675B2E938
[LOG] SystemI::createSoundInternal             : exinfo->initialseekpostype = 1
[LOG] SystemI::DSPCodecPoolRegister            : register codec pool for pool type 5
[LOG] SystemI::createSoundInternal             : Sample 0/1: name='Carpet Step 3', format=5, channels=2, frequency=48000, lengthbytes=2560, lengthpcm=8291, pcmblocksize=0, loopstart=0, loopend=0, mode=0x00000000, channelmask=0x00000000, channelorder=0, peakvolume=0.124725.
[LOG] SystemI::createSoundInternal             : Create name='', mode=0x02000202
[LOG] SystemI::createSoundInternal             : exinfo->cbsize             = 224
[LOG] SystemI::createSoundInternal             : exinfo->length             = 7146560
[LOG] SystemI::createSoundInternal             : exinfo->fileoffset         = 101440
[LOG] SystemI::createSoundInternal             : exinfo->numsubsounds       = 1
[LOG] SystemI::createSoundInternal             : exinfo->inclusionlist      = 00000002108FF4B8
[LOG] SystemI::createSoundInternal             : exinfo->inclusionlistnum   = 1
[LOG] SystemI::createSoundInternal             : exinfo->suggestedsoundtype = 5
[LOG] SystemI::createSoundInternal             : exinfo->useropen           = 00007FF9C02746D0
[LOG] SystemI::createSoundInternal             : exinfo->userclose          = 00007FF9C02746A0
[LOG] SystemI::createSoundInternal             : exinfo->userread           = 00007FF9C02747A0
[LOG] SystemI::createSoundInternal             : exinfo->userseek           = 00007FF9C0274860
[LOG] SystemI::createSoundInternal             : exinfo->fileuserdata       = 0000013675B2E938
[LOG] SystemI::createSoundInternal             : exinfo->initialseekpostype = 1
[LOG] SystemI::DSPCodecPoolRegister            : register codec pool for pool type 5
[LOG] SystemI::createSoundInternal             : Sample 0/1: name='Ambient Candy 1', format=5, channels=2, frequency=48000, lengthbytes=108544, lengthpcm=345219, pcmblocksize=0, loopstart=0, loopend=0, mode=0x00000000, channelmask=0x00000000, channelorder=0, peakvolume=0.485199.
[LOG] SystemI::createSoundInternal             : Create name='', mode=0x02000202
[LOG] SystemI::createSoundInternal             : exinfo->cbsize             = 224
[LOG] SystemI::createSoundInternal             : exinfo->length             = 7146560
[LOG] SystemI::createSoundInternal             : exinfo->fileoffset         = 101440
[LOG] SystemI::createSoundInternal             : exinfo->numsubsounds       = 1
[LOG] SystemI::createSoundInternal             : exinfo->inclusionlist      = 00000002108FF4B8
[LOG] SystemI::createSoundInternal             : exinfo->inclusionlistnum   = 1
[LOG] SystemI::createSoundInternal             : exinfo->suggestedsoundtype = 5
[LOG] SystemI::createSoundInternal             : exinfo->useropen           = 00007FF9C02746D0
[LOG] SystemI::createSoundInternal             : exinfo->userclose          = 00007FF9C02746A0
[LOG] SystemI::createSoundInternal             : exinfo->userread           = 00007FF9C02747A0
[LOG] SystemI::createSoundInternal             : exinfo->userseek           = 00007FF9C0274860
[LOG] SystemI::createSoundInternal             : exinfo->fileuserdata       = 0000013675B2E938
[LOG] SystemI::createSoundInternal             : exinfo->initialseekpostype = 1
[LOG] SystemI::DSPCodecPoolRegister            : register codec pool for pool type 5
[LOG] SystemI::createSoundInternal             : Sample 0/1: name='Wind', format=5, channels=2, frequency=48000, lengthbytes=35872, lengthpcm=162432, pcmblocksize=0, loopstart=0, loopend=0, mode=0x00000000, channelmask=0x00000000, channelorder=0, peakvolume=0.138489.
[LOG] SystemI::createSoundInternal             : Create name='', mode=0x02000202
[LOG] SystemI::createSoundInternal             : exinfo->cbsize             = 224
[LOG] SystemI::createSoundInternal             : exinfo->length             = 7146560
[LOG] SystemI::createSoundInternal             : exinfo->fileoffset         = 101440
[LOG] SystemI::createSoundInternal             : exinfo->numsubsounds       = 1
[LOG] SystemI::createSoundInternal             : exinfo->inclusionlist      = 00000002108FF4B8
[LOG] SystemI::createSoundInternal             : exinfo->inclusionlistnum   = 1
[LOG] SystemI::createSoundInternal             : exinfo->suggestedsoundtype = 5
[LOG] SystemI::createSoundInternal             : exinfo->useropen           = 00007FF9C02746D0
[LOG] SystemI::createSoundInternal             : exinfo->userclose          = 00007FF9C02746A0
[LOG] SystemI::createSoundInternal             : exinfo->userread           = 00007FF9C02747A0
[LOG] SystemI::createSoundInternal             : exinfo->userseek           = 00007FF9C0274860
[LOG] SystemI::createSoundInternal             : exinfo->fileuserdata       = 0000013675B2E938
[LOG] SystemI::createSoundInternal             : exinfo->initialseekpostype = 1
[LOG] SystemI::DSPCodecPoolRegister            : register codec pool for pool type 5
[LOG] SystemI::createSoundInternal             : Sample 0/1: name='Step 2', format=5, channels=2, frequency=48000, lengthbytes=1920, lengthpcm=11986, pcmblocksize=0, loopstart=0, loopend=0, mode=0x00000000, channelmask=0x00000000, channelorder=0, peakvolume=0.264496.
[LOG] SystemI::createSoundInternal             : Create name='', mode=0x02000202
[LOG] SystemI::createSoundInternal             : exinfo->cbsize             = 224
[LOG] SystemI::createSoundInternal             : exinfo->length             = 7146560
[LOG] SystemI::createSoundInternal             : exinfo->fileoffset         = 101440
[LOG] SystemI::createSoundInternal             : exinfo->numsubsounds       = 1
[LOG] SystemI::createSoundInternal             : exinfo->inclusionlist      = 00000002108FF4B8
[LOG] SystemI::createSoundInternal             : exinfo->inclusionlistnum   = 1
[LOG] SystemI::createSoundInternal             : exinfo->suggestedsoundtype = 5
[LOG] SystemI::createSoundInternal             : exinfo->useropen           = 00007FF9C02746D0
[LOG] SystemI::createSoundInternal             : exinfo->userclose          = 00007FF9C02746A0
[LOG] SystemI::createSoundInternal             : exinfo->userread           = 00007FF9C02747A0
[LOG] SystemI::createSoundInternal             : exinfo->userseek           = 00007FF9C0274860
[LOG] SystemI::createSoundInternal             : exinfo->fileuserdata       = 0000013675B2E938
[LOG] SystemI::createSoundInternal             : exinfo->initialseekpostype = 1
[LOG] SystemI::DSPCodecPoolRegister            : register codec pool for pool type 5
[LOG] SystemI::createSoundInternal             : Sample 0/1: name='Carpet Step 5', format=5, channels=2, frequency=48000, lengthbytes=2592, lengthpcm=8099, pcmblocksize=0, loopstart=0, loopend=0, mode=0x00000000, channelmask=0x00000000, channelorder=0, peakvolume=0.146881.
[LOG] SystemI::createSoundInternal             : Create name='', mode=0x02000202
[LOG] SystemI::createSoundInternal             : exinfo->cbsize             = 224
[LOG] SystemI::createSoundInternal             : exinfo->length             = 7146560
[LOG] SystemI::createSoundInternal             : exinfo->fileoffset         = 101440
[LOG] SystemI::createSoundInternal             : exinfo->numsubsounds       = 1
[LOG] SystemI::createSoundInternal             : exinfo->inclusionlist      = 00000002108FF4B8
[LOG] SystemI::createSoundInternal             : exinfo->inclusionlistnum   = 1
[LOG] SystemI::createSoundInternal             : exinfo->suggestedsoundtype = 5
[LOG] SystemI::createSoundInternal             : exinfo->useropen           = 00007FF9C02746D0
[LOG] SystemI::createSoundInternal             : exinfo->userclose          = 00007FF9C02746A0
[LOG] SystemI::createSoundInternal             : exinfo->userread           = 00007FF9C02747A0
[LOG] SystemI::createSoundInternal             : exinfo->userseek           = 00007FF9C0274860
[LOG] SystemI::createSoundInternal             : exinfo->fileuserdata       = 0000013675B2E938
[LOG] SystemI::createSoundInternal             : exinfo->initialseekpostype = 1
[LOG] SystemI::DSPCodecPoolRegister            : register codec pool for pool type 5
[LOG] SystemI::createSoundInternal             : Sample 0/1: name='Step 3', format=5, channels=2, frequency=48000, lengthbytes=2176, lengthpcm=11919, pcmblocksize=0, loopstart=0, loopend=0, mode=0x00000000, channelmask=0x00000000, channelorder=0, peakvolume=0.346008.
[LOG] SystemI::createSoundInternal             : Create name='', mode=0x02000202
[LOG] SystemI::createSoundInternal             : exinfo->cbsize             = 224
[LOG] SystemI::createSoundInternal             : exinfo->length             = 7146560
[LOG] SystemI::createSoundInternal             : exinfo->fileoffset         = 101440
[LOG] SystemI::createSoundInternal             : exinfo->numsubsounds       = 1
[LOG] SystemI::createSoundInternal             : exinfo->inclusionlist      = 00000002108FF4B8
[LOG] SystemI::createSoundInternal             : exinfo->inclusionlistnum   = 1
[LOG] SystemI::createSoundInternal             : exinfo->suggestedsoundtype = 5
[LOG] SystemI::createSoundInternal             : exinfo->useropen           = 00007FF9C02746D0
[LOG] SystemI::createSoundInternal             : exinfo->userclose          = 00007FF9C02746A0
[LOG] SystemI::createSoundInternal             : exinfo->userread           = 00007FF9C02747A0
[LOG] SystemI::createSoundInternal             : exinfo->userseek           = 00007FF9C0274860
[LOG] SystemI::createSoundInternal             : exinfo->fileuserdata       = 0000013675B2E0F8
[LOG] SystemI::createSoundInternal             : exinfo->initialseekpostype = 1
[LOG] SystemI::DSPCodecPoolRegister            : register codec pool for pool type 5
[LOG] SystemI::createSoundInternal             : Sample 0/1: name='Journal Sheet', format=5, channels=2, frequency=48000, lengthbytes=12416, lengthpcm=92303, pcmblocksize=0, loopstart=0, loopend=0, mode=0x00000000, channelmask=0x00000000, channelorder=0, peakvolume=0.109283.
[LOG] SystemI::createSoundInternal             : Create name='', mode=0x02000202
[LOG] SystemI::createSoundInternal             : exinfo->cbsize             = 224
[LOG] SystemI::createSoundInternal             : exinfo->length             = 7146560
[LOG] SystemI::createSoundInternal             : exinfo->fileoffset         = 101440
[LOG] SystemI::createSoundInternal             : exinfo->numsubsounds       = 1
[LOG] SystemI::createSoundInternal             : exinfo->inclusionlist      = 00000002108FF4B8
[LOG] SystemI::createSoundInternal             : exinfo->inclusionlistnum   = 1
[LOG] SystemI::createSoundInternal             : exinfo->suggestedsoundtype = 5
[LOG] SystemI::createSoundInternal             : exinfo->useropen           = 00007FF9C02746D0
[LOG] SystemI::createSoundInternal             : exinfo->userclose          = 00007FF9C02746A0
[LOG] SystemI::createSoundInternal             : exinfo->userread           = 00007FF9C02747A0
[LOG] SystemI::createSoundInternal             : exinfo->userseek           = 00007FF9C0274860
[LOG] SystemI::createSoundInternal             : exinfo->fileuserdata       = 0000013675B2EB48
[LOG] SystemI::createSoundInternal             : exinfo->initialseekpostype = 1
[LOG] SystemI::DSPCodecPoolRegister            : register codec pool for pool type 5
[LOG] SystemI::createSoundInternal             : Sample 0/1: name='Pillar 2', format=5, channels=2, frequency=48000, lengthbytes=3968, lengthpcm=14132, pcmblocksize=0, loopstart=0, loopend=0, mode=0x00000000, channelmask=0x00000000, channelorder=0, peakvolume=0.154938.
[LOG] SystemI::createSoundInternal             : Create name='', mode=0x02000202
[LOG] SystemI::createSoundInternal             : exinfo->cbsize             = 224
[LOG] SystemI::createSoundInternal             : exinfo->length             = 7146560
[LOG] SystemI::createSoundInternal             : exinfo->fileoffset         = 101440
[LOG] SystemI::createSoundInternal             : exinfo->numsubsounds       = 1
[LOG] SystemI::createSoundInternal             : exinfo->inclusionlist      = 00000002108FF4B8
[LOG] SystemI::createSoundInternal             : exinfo->inclusionlistnum   = 1
[LOG] SystemI::createSoundInternal             : exinfo->suggestedsoundtype = 5
[LOG] SystemI::createSoundInternal             : exinfo->useropen           = 00007FF9C02746D0
[LOG] SystemI::createSoundInternal             : exinfo->userclose          = 00007FF9C02746A0
[LOG] SystemI::createSoundInternal             : exinfo->userread           = 00007FF9C02747A0
[LOG] SystemI::createSoundInternal             : exinfo->userseek           = 00007FF9C0274860
[LOG] SystemI::createSoundInternal             : exinfo->fileuserdata       = 0000013675B2EB48
[LOG] SystemI::createSoundInternal             : exinfo->initialseekpostype = 1
[LOG] SystemI::DSPCodecPoolRegister            : register codec pool for pool type 5
[LOG] SystemI::createSoundInternal             : Sample 0/1: name='Pillar 1', format=5, channels=2, frequency=48000, lengthbytes=4128, lengthpcm=14132, pcmblocksize=0, loopstart=0, loopend=0, mode=0x00000000, channelmask=0x00000000, channelorder=0, peakvolume=0.091827.
[LOG] SystemI::createSoundInternal             : Create name='', mode=0x02000202
[LOG] SystemI::createSoundInternal             : exinfo->cbsize             = 224
[LOG] SystemI::createSoundInternal             : exinfo->length             = 7146560
[LOG] SystemI::createSoundInternal             : exinfo->fileoffset         = 101440
[LOG] SystemI::createSoundInternal             : exinfo->numsubsounds       = 1
[LOG] SystemI::createSoundInternal             : exinfo->inclusionlist      = 00000002108FF4B8
[LOG] SystemI::createSoundInternal             : exinfo->inclusionlistnum   = 1
[LOG] SystemI::createSoundInternal             : exinfo->suggestedsoundtype = 5
[LOG] SystemI::createSoundInternal             : exinfo->useropen           = 00007FF9C02746D0
[LOG] SystemI::createSoundInternal             : exinfo->userclose          = 00007FF9C02746A0
[LOG] SystemI::createSoundInternal             : exinfo->userread           = 00007FF9C02747A0
[LOG] SystemI::createSoundInternal             : exinfo->userseek           = 00007FF9C0274860
[LOG] SystemI::createSoundInternal             : exinfo->fileuserdata       = 0000013675B2EB48
[LOG] SystemI::createSoundInternal             : exinfo->initialseekpostype = 1
[LOG] SystemI::DSPCodecPoolRegister            : register codec pool for pool type 5
[LOG] SystemI::createSoundInternal             : Sample 0/1: name='Pillar 4', format=5, channels=2, frequency=48000, lengthbytes=4128, lengthpcm=14132, pcmblocksize=0, loopstart=0, loopend=0, mode=0x00000000, channelmask=0x00000000, channelorder=0, peakvolume=0.178497.
[LOG] SystemI::createSoundInternal             : Create name='', mode=0x02000202
[LOG] SystemI::createSoundInternal             : exinfo->cbsize             = 224
[LOG] SystemI::createSoundInternal             : exinfo->length             = 7146560
[LOG] SystemI::createSoundInternal             : exinfo->fileoffset         = 101440
[LOG] SystemI::createSoundInternal             : exinfo->numsubsounds       = 1
[LOG] SystemI::createSoundInternal             : exinfo->inclusionlist      = 00000002108FF4B8
[LOG] SystemI::createSoundInternal             : exinfo->inclusionlistnum   = 1
[LOG] SystemI::createSoundInternal             : exinfo->suggestedsoundtype = 5
[LOG] SystemI::createSoundInternal             : exinfo->useropen           = 00007FF9C02746D0
[LOG] SystemI::createSoundInternal             : exinfo->userclose          = 00007FF9C02746A0
[LOG] SystemI::createSoundInternal             : exinfo->userread           = 00007FF9C02747A0
[LOG] SystemI::createSoundInternal             : exinfo->userseek           = 00007FF9C0274860
[LOG] SystemI::createSoundInternal             : exinfo->fileuserdata       = 0000013675B2EB48
[LOG] SystemI::createSoundInternal             : exinfo->initialseekpostype = 1
[LOG] SystemI::DSPCodecPoolRegister            : register codec pool for pool type 5
[LOG] SystemI::createSoundInternal             : Sample 0/1: name='Pillar 3', format=5, channels=2, frequency=48000, lengthbytes=4000, lengthpcm=14132, pcmblocksize=0, loopstart=0, loopend=0, mode=0x00000000, channelmask=0x00000000, channelorder=0, peakvolume=0.181641.
[LOG] SystemI::createSoundInternal             : Create name='', mode=0x02000202
[LOG] SystemI::createSoundInternal             : exinfo->cbsize             = 224
[LOG] SystemI::createSoundInternal             : exinfo->length             = 7146560
[LOG] SystemI::createSoundInternal             : exinfo->fileoffset         = 101440
[LOG] SystemI::createSoundInternal             : exinfo->numsubsounds       = 1
[LOG] SystemI::createSoundInternal             : exinfo->inclusionlist      = 00000002108FF4B8
[LOG] SystemI::createSoundInternal             : exinfo->inclusionlistnum   = 1
[LOG] SystemI::createSoundInternal             : exinfo->suggestedsoundtype = 5
[LOG] SystemI::createSoundInternal             : exinfo->useropen           = 00007FF9C02746D0
[LOG] SystemI::createSoundInternal             : exinfo->userclose          = 00007FF9C02746A0
[LOG] SystemI::createSoundInternal             : exinfo->userread           = 00007FF9C02747A0
[LOG] SystemI::createSoundInternal             : exinfo->userseek           = 00007FF9C0274860
[LOG] SystemI::createSoundInternal             : exinfo->fileuserdata       = 0000013675B2EB48
[LOG] SystemI::createSoundInternal             : exinfo->initialseekpostype = 1
[LOG] SystemI::DSPCodecPoolRegister            : register codec pool for pool type 5
[LOG] SystemI::createSoundInternal             : Sample 0/1: name='Statue Hit 1', format=5, channels=2, frequency=48000, lengthbytes=2528, lengthpcm=7880, pcmblocksize=0, loopstart=0, loopend=0, mode=0x00000000, channelmask=0x00000000, channelorder=0, peakvolume=0.145142.
[LOG] SystemI::createSoundInternal             : Create name='', mode=0x02000202
[LOG] SystemI::createSoundInternal             : exinfo->cbsize             = 224
[LOG] SystemI::createSoundInternal             : exinfo->length             = 7146560
[LOG] SystemI::createSoundInternal             : exinfo->fileoffset         = 101440
[LOG] SystemI::createSoundInternal             : exinfo->numsubsounds       = 1
[LOG] SystemI::createSoundInternal             : exinfo->inclusionlist      = 00000002108FF4B8
[LOG] SystemI::createSoundInternal             : exinfo->inclusionlistnum   = 1
[LOG] SystemI::createSoundInternal             : exinfo->suggestedsoundtype = 5
[LOG] SystemI::createSoundInternal             : exinfo->useropen           = 00007FF9C02746D0
[LOG] SystemI::createSoundInternal             : exinfo->userclose          = 00007FF9C02746A0
[LOG] SystemI::createSoundInternal             : exinfo->userread           = 00007FF9C02747A0
[LOG] SystemI::createSoundInternal             : exinfo->userseek           = 00007FF9C0274860
[LOG] SystemI::createSoundInternal             : exinfo->fileuserdata       = 0000013675B2EB48
[LOG] SystemI::createSoundInternal             : exinfo->initialseekpostype = 1
[LOG] SystemI::DSPCodecPoolRegister            : register codec pool for pool type 5
[LOG] SystemI::createSoundInternal             : Sample 0/1: name='Statue Hit 4', format=5, channels=2, frequency=48000, lengthbytes=2400, lengthpcm=7880, pcmblocksize=0, loopstart=0, loopend=0, mode=0x00000000, channelmask=0x00000000, channelorder=0, peakvolume=0.228821.
[LOG] SystemI::createSoundInternal             : Create name='', mode=0x02000202
[LOG] SystemI::createSoundInternal             : exinfo->cbsize             = 224
[LOG] SystemI::createSoundInternal             : exinfo->length             = 7146560
[LOG] SystemI::createSoundInternal             : exinfo->fileoffset         = 101440
[LOG] SystemI::createSoundInternal             : exinfo->numsubsounds       = 1
[LOG] SystemI::createSoundInternal             : exinfo->inclusionlist      = 00000002108FF4B8
[LOG] SystemI::createSoundInternal             : exinfo->inclusionlistnum   = 1
[LOG] SystemI::createSoundInternal             : exinfo->suggestedsoundtype = 5
[LOG] SystemI::createSoundInternal             : exinfo->useropen           = 00007FF9C02746D0
[LOG] SystemI::createSoundInternal             : exinfo->userclose          = 00007FF9C02746A0
[LOG] SystemI::createSoundInternal             : exinfo->userread           = 00007FF9C02747A0
[LOG] SystemI::createSoundInternal             : exinfo->userseek           = 00007FF9C0274860
[LOG] SystemI::createSoundInternal             : exinfo->fileuserdata       = 0000013675B2EB48
[LOG] SystemI::createSoundInternal             : exinfo->initialseekpostype = 1
[LOG] SystemI::DSPCodecPoolRegister            : register codec pool for pool type 5
[LOG] SystemI::createSoundInternal             : Sample 0/1: name='Statue Hit 2', format=5, channels=2, frequency=48000, lengthbytes=2368, lengthpcm=7880, pcmblocksize=0, loopstart=0, loopend=0, mode=0x00000000, channelmask=0x00000000, channelorder=0, peakvolume=0.145447.
[LOG] SystemI::createSoundInternal             : Create name='', mode=0x02000202
[LOG] SystemI::createSoundInternal             : exinfo->cbsize             = 224
[LOG] SystemI::createSoundInternal             : exinfo->length             = 7146560
[LOG] SystemI::createSoundInternal             : exinfo->fileoffset         = 101440
[LOG] SystemI::createSoundInternal             : exinfo->numsubsounds       = 1
[LOG] SystemI::createSoundInternal             : exinfo->inclusionlist      = 00000002108FF4B8
[LOG] SystemI::createSoundInternal             : exinfo->inclusionlistnum   = 1
[LOG] SystemI::createSoundInternal             : exinfo->suggestedsoundtype = 5
[LOG] SystemI::createSoundInternal             : exinfo->useropen           = 00007FF9C02746D0
[LOG] SystemI::createSoundInternal             : exinfo->userclose          = 00007FF9C02746A0
[LOG] SystemI::createSoundInternal             : exinfo->userread           = 00007FF9C02747A0
[LOG] SystemI::createSoundInternal             : exinfo->userseek           = 00007FF9C0274860
[LOG] SystemI::createSoundInternal             : exinfo->fileuserdata       = 0000013675B2EB48
[LOG] SystemI::createSoundInternal             : exinfo->initialseekpostype = 1
[LOG] SystemI::DSPCodecPoolRegister            : register codec pool for pool type 5
[LOG] SystemI::createSoundInternal             : Sample 0/1: name='Statue Hit 5', format=5, channels=2, frequency=48000, lengthbytes=2336, lengthpcm=7880, pcmblocksize=0, loopstart=0, loopend=0, mode=0x00000000, channelmask=0x00000000, channelorder=0, peakvolume=0.138428.
[LOG] SystemI::createSoundInternal             : Create name='', mode=0x02000202
[LOG] SystemI::createSoundInternal             : exinfo->cbsize             = 224
[LOG] SystemI::createSoundInternal             : exinfo->length             = 7146560
[LOG] SystemI::createSoundInternal             : exinfo->fileoffset         = 101440
[LOG] SystemI::createSoundInternal             : exinfo->numsubsounds       = 1
[LOG] SystemI::createSoundInternal             : exinfo->inclusionlist      = 00000002108FF4B8
[LOG] SystemI::createSoundInternal             : exinfo->inclusionlistnum   = 1
[LOG] SystemI::createSoundInternal             : exinfo->suggestedsoundtype = 5
[LOG] SystemI::createSoundInternal             : exinfo->useropen           = 00007FF9C02746D0
[LOG] SystemI::createSoundInternal             : exinfo->userclose          = 00007FF9C02746A0
[LOG] SystemI::createSoundInternal             : exinfo->userread           = 00007FF9C02747A0
[LOG] SystemI::createSoundInternal             : exinfo->userseek           = 00007FF9C0274860
[LOG] SystemI::createSoundInternal             : exinfo->fileuserdata       = 0000013675B2EB48
[LOG] SystemI::createSoundInternal             : exinfo->initialseekpostype = 1
[LOG] SystemI::DSPCodecPoolRegister            : register codec pool for pool type 5
[LOG] SystemI::createSoundInternal             : Sample 0/1: name='Statue Hit 3', format=5, channels=2, frequency=48000, lengthbytes=2528, lengthpcm=7880, pcmblocksize=0, loopstart=0, loopend=0, mode=0x00000000, channelmask=0x00000000, channelorder=0, peakvolume=0.168427.
[LOG] SystemI::createSoundInternal             : Create name='', mode=0x02000202
[LOG] SystemI::createSoundInternal             : exinfo->cbsize             = 224
[LOG] SystemI::createSoundInternal             : exinfo->length             = 7146560
[LOG] SystemI::createSoundInternal             : exinfo->fileoffset         = 101440
[LOG] SystemI::createSoundInternal             : exinfo->numsubsounds       = 1
[LOG] SystemI::createSoundInternal             : exinfo->inclusionlist      = 00000002108FF4B8
[LOG] SystemI::createSoundInternal             : exinfo->inclusionlistnum   = 1
[LOG] SystemI::createSoundInternal             : exinfo->suggestedsoundtype = 5
[LOG] SystemI::createSoundInternal             : exinfo->useropen           = 00007FF9C02746D0
[LOG] SystemI::createSoundInternal             : exinfo->userclose          = 00007FF9C02746A0
[LOG] SystemI::createSoundInternal             : exinfo->userread           = 00007FF9C02747A0
[LOG] SystemI::createSoundInternal             : exinfo->userseek           = 00007FF9C0274860
[LOG] SystemI::createSoundInternal             : exinfo->fileuserdata       = 0000013675B2EB48
[LOG] SystemI::createSoundInternal             : exinfo->initialseekpostype = 1
[LOG] SystemI::DSPCodecPoolRegister            : register codec pool for pool type 5
[LOG] SystemI::createSoundInternal             : Sample 0/1: name='Statue Hit 6', format=5, channels=2, frequency=48000, lengthbytes=2400, lengthpcm=7880, pcmblocksize=0, loopstart=0, loopend=0, mode=0x00000000, channelmask=0x00000000, channelorder=0, peakvolume=0.291901.
[LOG] SystemI::createSoundInternal             : Create name='', mode=0x02000202
[LOG] SystemI::createSoundInternal             : exinfo->cbsize             = 224
[LOG] SystemI::createSoundInternal             : exinfo->length             = 7146560
[LOG] SystemI::createSoundInternal             : exinfo->fileoffset         = 101440
[LOG] SystemI::createSoundInternal             : exinfo->numsubsounds       = 1
[LOG] SystemI::createSoundInternal             : exinfo->inclusionlist      = 00000002108FF4B8
[LOG] SystemI::createSoundInternal             : exinfo->inclusionlistnum   = 1
[LOG] SystemI::createSoundInternal             : exinfo->suggestedsoundtype = 5
[LOG] SystemI::createSoundInternal             : exinfo->useropen           = 00007FF9C02746D0
[LOG] SystemI::createSoundInternal             : exinfo->userclose          = 00007FF9C02746A0
[LOG] SystemI::createSoundInternal             : exinfo->userread           = 00007FF9C02747A0
[LOG] SystemI::createSoundInternal             : exinfo->userseek           = 00007FF9C0274860
[LOG] SystemI::createSoundInternal             : exinfo->fileuserdata       = 0000013675B2E938
[LOG] SystemI::createSoundInternal             : exinfo->initialseekpostype = 1
[LOG] SystemI::DSPCodecPoolRegister            : register codec pool for pool type 5
[LOG] SystemI::createSoundInternal             : Sample 0/1: name='Wall 1', format=5, channels=2, frequency=48000, lengthbytes=2368, lengthpcm=6784, pcmblocksize=0, loopstart=0, loopend=0, mode=0x00000000, channelmask=0x00000000, channelorder=0, peakvolume=0.558502.
[LOG] SystemI::createSoundInternal             : Create name='', mode=0x02000202
[LOG] SystemI::createSoundInternal             : exinfo->cbsize             = 224
[LOG] SystemI::createSoundInternal             : exinfo->length             = 7146560
[LOG] SystemI::createSoundInternal             : exinfo->fileoffset         = 101440
[LOG] SystemI::createSoundInternal             : exinfo->numsubsounds       = 1
[LOG] SystemI::createSoundInternal             : exinfo->inclusionlist      = 00000002108FF4B8
[LOG] SystemI::createSoundInternal             : exinfo->inclusionlistnum   = 1
[LOG] SystemI::createSoundInternal             : exinfo->suggestedsoundtype = 5
[LOG] SystemI::createSoundInternal             : exinfo->useropen           = 00007FF9C02746D0
[LOG] SystemI::createSoundInternal             : exinfo->userclose          = 00007FF9C02746A0
[LOG] SystemI::createSoundInternal             : exinfo->userread           = 00007FF9C02747A0
[LOG] SystemI::createSoundInternal             : exinfo->userseek           = 00007FF9C0274860
[LOG] SystemI::createSoundInternal             : exinfo->fileuserdata       = 0000013675B2E938
[LOG] SystemI::createSoundInternal             : exinfo->initialseekpostype = 1
[LOG] SystemI::DSPCodecPoolRegister            : register codec pool for pool type 5
[LOG] SystemI::createSoundInternal             : Sample 0/1: name='Wall 4', format=5, channels=2, frequency=48000, lengthbytes=2272, lengthpcm=6716, pcmblocksize=0, loopstart=0, loopend=0, mode=0x00000000, channelmask=0x00000000, channelorder=0, peakvolume=0.309631.
[LOG] SystemI::createSoundInternal             : Create name='', mode=0x02000202
[LOG] SystemI::createSoundInternal             : exinfo->cbsize             = 224
[LOG] SystemI::createSoundInternal             : exinfo->length             = 7146560
[LOG] SystemI::createSoundInternal             : exinfo->fileoffset         = 101440
[LOG] SystemI::createSoundInternal             : exinfo->numsubsounds       = 1
[LOG] SystemI::createSoundInternal             : exinfo->inclusionlist      = 00000002108FF4B8
[LOG] SystemI::createSoundInternal             : exinfo->inclusionlistnum   = 1
[LOG] SystemI::createSoundInternal             : exinfo->suggestedsoundtype = 5
[LOG] SystemI::createSoundInternal             : exinfo->useropen           = 00007FF9C02746D0
[LOG] SystemI::createSoundInternal             : exinfo->userclose          = 00007FF9C02746A0
[LOG] SystemI::createSoundInternal             : exinfo->userread           = 00007FF9C02747A0
[LOG] SystemI::createSoundInternal             : exinfo->userseek           = 00007FF9C0274860
[LOG] SystemI::createSoundInternal             : exinfo->fileuserdata       = 0000013675B2E938
[LOG] SystemI::createSoundInternal             : exinfo->initialseekpostype = 1
[LOG] SystemI::DSPCodecPoolRegister            : register codec pool for pool type 5
[LOG] SystemI::createSoundInternal             : Sample 0/1: name='Wall 3', format=5, channels=2, frequency=48000, lengthbytes=2304, lengthpcm=6780, pcmblocksize=0, loopstart=0, loopend=0, mode=0x00000000, channelmask=0x00000000, channelorder=0, peakvolume=0.319397.
[LOG] SystemI::createSoundInternal             : Create name='', mode=0x02000202
[LOG] SystemI::createSoundInternal             : exinfo->cbsize             = 224
[LOG] SystemI::createSoundInternal             : exinfo->length             = 7146560
[LOG] SystemI::createSoundInternal             : exinfo->fileoffset         = 101440
[LOG] SystemI::createSoundInternal             : exinfo->numsubsounds       = 1
[LOG] SystemI::createSoundInternal             : exinfo->inclusionlist      = 00000002108FF4B8
[LOG] SystemI::createSoundInternal             : exinfo->inclusionlistnum   = 1
[LOG] SystemI::createSoundInternal             : exinfo->suggestedsoundtype = 5
[LOG] SystemI::createSoundInternal             : exinfo->useropen           = 00007FF9C02746D0
[LOG] SystemI::createSoundInternal             : exinfo->userclose          = 00007FF9C02746A0
[LOG] SystemI::createSoundInternal             : exinfo->userread           = 00007FF9C02747A0
[LOG] SystemI::createSoundInternal             : exinfo->userseek           = 00007FF9C0274860
[LOG] SystemI::createSoundInternal             : exinfo->fileuserdata       = 0000013675B2E518
[LOG] SystemI::createSoundInternal             : exinfo->initialseekpostype = 1
[LOG] SystemI::DSPCodecPoolRegister            : register codec pool for pool type 5
[LOG] SystemI::createSoundInternal             : Sample 0/1: name='Wood Hit 2', format=5, channels=2, frequency=48000, lengthbytes=5760, lengthpcm=21288, pcmblocksize=0, loopstart=0, loopend=0, mode=0x00000000, channelmask=0x00000000, channelorder=0, peakvolume=0.184906.
[LOG] SystemI::createSoundInternal             : Create name='', mode=0x02000202
[LOG] SystemI::createSoundInternal             : exinfo->cbsize             = 224
[LOG] SystemI::createSoundInternal             : exinfo->length             = 7146560
[LOG] SystemI::createSoundInternal             : exinfo->fileoffset         = 101440
[LOG] SystemI::createSoundInternal             : exinfo->numsubsounds       = 1
[LOG] SystemI::createSoundInternal             : exinfo->inclusionlist      = 00000002108FF4B8
[LOG] SystemI::createSoundInternal             : exinfo->inclusionlistnum   = 1
[LOG] SystemI::createSoundInternal             : exinfo->suggestedsoundtype = 5
[LOG] SystemI::createSoundInternal             : exinfo->useropen           = 00007FF9C02746D0
[LOG] SystemI::createSoundInternal             : exinfo->userclose          = 00007FF9C02746A0
[LOG] SystemI::createSoundInternal             : exinfo->userread           = 00007FF9C02747A0
[LOG] SystemI::createSoundInternal             : exinfo->userseek           = 00007FF9C0274860
[LOG] SystemI::createSoundInternal             : exinfo->fileuserdata       = 0000013675B2E518
[LOG] SystemI::createSoundInternal             : exinfo->initialseekpostype = 1
[LOG] SystemI::DSPCodecPoolRegister            : register codec pool for pool type 5
[LOG] SystemI::createSoundInternal             : Sample 0/1: name='Wood Hit', format=5, channels=2, frequency=48000, lengthbytes=5920, lengthpcm=21288, pcmblocksize=0, loopstart=0, loopend=0, mode=0x00000000, channelmask=0x00000000, channelorder=0, peakvolume=0.070831.
[LOG] SystemI::createSoundInternal             : Create name='', mode=0x02000202
[LOG] SystemI::createSoundInternal             : exinfo->cbsize             = 224
[LOG] SystemI::createSoundInternal             : exinfo->length             = 7146560
[LOG] SystemI::createSoundInternal             : exinfo->fileoffset         = 101440
[LOG] SystemI::createSoundInternal             : exinfo->numsubsounds       = 1
[LOG] SystemI::createSoundInternal             : exinfo->inclusionlist      = 00000002108FF4B8
[LOG] SystemI::createSoundInternal             : exinfo->inclusionlistnum   = 1
[LOG] SystemI::createSoundInternal             : exinfo->suggestedsoundtype = 5
[LOG] SystemI::createSoundInternal             : exinfo->useropen           = 00007FF9C02746D0
[LOG] SystemI::createSoundInternal             : exinfo->userclose          = 00007FF9C02746A0
[LOG] SystemI::createSoundInternal             : exinfo->userread           = 00007FF9C02747A0
[LOG] SystemI::createSoundInternal             : exinfo->userseek           = 00007FF9C0274860
[LOG] SystemI::createSoundInternal             : exinfo->fileuserdata       = 0000013675B2E518
[LOG] SystemI::createSoundInternal             : exinfo->initialseekpostype = 1
[LOG] SystemI::DSPCodecPoolRegister            : register codec pool for pool type 5
[LOG] SystemI::createSoundInternal             : Sample 0/1: name='3039_SND_Discovery', format=5, channels=2, frequency=48000, lengthbytes=16640, lengthpcm=87461, pcmblocksize=0, loopstart=0, loopend=0, mode=0x00000000, channelmask=0x00000000, channelorder=0, peakvolume=0.163405.
[LOG] SystemI::createSoundInternal             : Create name='', mode=0x02000202
[LOG] SystemI::createSoundInternal             : exinfo->cbsize             = 224
[LOG] SystemI::createSoundInternal             : exinfo->length             = 7146560
[LOG] SystemI::createSoundInternal             : exinfo->fileoffset         = 101440
[LOG] SystemI::createSoundInternal             : exinfo->numsubsounds       = 1
[LOG] SystemI::createSoundInternal             : exinfo->inclusionlist      = 00000002108FF4B8
[LOG] SystemI::createSoundInternal             : exinfo->inclusionlistnum   = 1
[LOG] SystemI::createSoundInternal             : exinfo->suggestedsoundtype = 5
[LOG] SystemI::createSoundInternal             : exinfo->useropen           = 00007FF9C02746D0
[LOG] SystemI::createSoundInternal             : exinfo->userclose          = 00007FF9C02746A0
[LOG] SystemI::createSoundInternal             : exinfo->userread           = 00007FF9C02747A0
[LOG] SystemI::createSoundInternal             : exinfo->userseek           = 00007FF9C0274860
[LOG] SystemI::createSoundInternal             : exinfo->fileuserdata       = 0000013675B2E518
[LOG] SystemI::createSoundInternal             : exinfo->initialseekpostype = 1
[LOG] SystemI::DSPCodecPoolRegister            : register codec pool for pool type 5
[LOG] SystemI::createSoundInternal             : Sample 0/1: name='Key Pickup', format=5, channels=2, frequency=48000, lengthbytes=8896, lengthpcm=92303, pcmblocksize=0, loopstart=0, loopend=0, mode=0x00000000, channelmask=0x00000000, channelorder=0, peakvolume=0.152893.
[LOG] SystemI::createSoundInternal             : Create name='', mode=0x02000202
[LOG] SystemI::createSoundInternal             : exinfo->cbsize             = 224
[LOG] SystemI::createSoundInternal             : exinfo->length             = 7146560
[LOG] SystemI::createSoundInternal             : exinfo->fileoffset         = 101440
[LOG] SystemI::createSoundInternal             : exinfo->numsubsounds       = 1
[LOG] SystemI::createSoundInternal             : exinfo->inclusionlist      = 00000002108FF4B8
[LOG] SystemI::createSoundInternal             : exinfo->inclusionlistnum   = 1
[LOG] SystemI::createSoundInternal             : exinfo->suggestedsoundtype = 5
[LOG] SystemI::createSoundInternal             : exinfo->useropen           = 00007FF9C02746D0
[LOG] SystemI::createSoundInternal             : exinfo->userclose          = 00007FF9C02746A0
[LOG] SystemI::createSoundInternal             : exinfo->userread           = 00007FF9C02747A0
[LOG] SystemI::createSoundInternal             : exinfo->userseek           = 00007FF9C0274860
[LOG] SystemI::createSoundInternal             : exinfo->fileuserdata       = 0000013675B2DEE8
[LOG] SystemI::createSoundInternal             : exinfo->initialseekpostype = 1
[LOG] SystemI::DSPCodecPoolRegister            : register codec pool for pool type 5
[LOG] SystemI::createSoundInternal             : Sample 0/1: name='Door Opening', format=5, channels=2, frequency=48000, lengthbytes=31296, lengthpcm=111743, pcmblocksize=0, loopstart=0, loopend=0, mode=0x00000000, channelmask=0x00000000, channelorder=0, peakvolume=0.408875.
[LOG] SystemI::createSoundInternal             : Create name='', mode=0x02000202
[LOG] SystemI::createSoundInternal             : exinfo->cbsize             = 224
[LOG] SystemI::createSoundInternal             : exinfo->length             = 7146560
[LOG] SystemI::createSoundInternal             : exinfo->fileoffset         = 101440
[LOG] SystemI::createSoundInternal             : exinfo->numsubsounds       = 1
[LOG] SystemI::createSoundInternal             : exinfo->inclusionlist      = 00000002108FF4B8
[LOG] SystemI::createSoundInternal             : exinfo->inclusionlistnum   = 1
[LOG] SystemI::createSoundInternal             : exinfo->suggestedsoundtype = 5
[LOG] SystemI::createSoundInternal             : exinfo->useropen           = 00007FF9C02746D0
[LOG] SystemI::createSoundInternal             : exinfo->userclose          = 00007FF9C02746A0
[LOG] SystemI::createSoundInternal             : exinfo->userread           = 00007FF9C02747A0
[LOG] SystemI::createSoundInternal             : exinfo->userseek           = 00007FF9C0274860
[LOG] SystemI::createSoundInternal             : exinfo->fileuserdata       = 0000013675B2E938
[LOG] SystemI::createSoundInternal             : exinfo->initialseekpostype = 1
[LOG] SystemI::DSPCodecPoolRegister            : register codec pool for pool type 5
[LOG] SystemI::createSoundInternal             : Sample 0/1: name='Flower Picked', format=5, channels=2, frequency=48000, lengthbytes=14208, lengthpcm=44657, pcmblocksize=0, loopstart=0, loopend=0, mode=0x00000000, channelmask=0x00000000, channelorder=0, peakvolume=0.677368.
[LOG] SystemI::createSoundInternal             : Create name='', mode=0x02000202
[LOG] SystemI::createSoundInternal             : exinfo->cbsize             = 224
[LOG] SystemI::createSoundInternal             : exinfo->length             = 7146560
[LOG] SystemI::createSoundInternal             : exinfo->fileoffset         = 101440
[LOG] SystemI::createSoundInternal             : exinfo->numsubsounds       = 1
[LOG] SystemI::createSoundInternal             : exinfo->inclusionlist      = 00000002108FF4B8
[LOG] SystemI::createSoundInternal             : exinfo->inclusionlistnum   = 1
[LOG] SystemI::createSoundInternal             : exinfo->suggestedsoundtype = 5
[LOG] SystemI::createSoundInternal             : exinfo->useropen           = 00007FF9C02746D0
[LOG] SystemI::createSoundInternal             : exinfo->userclose          = 00007FF9C02746A0
[LOG] SystemI::createSoundInternal             : exinfo->userread           = 00007FF9C02747A0
[LOG] SystemI::createSoundInternal             : exinfo->userseek           = 00007FF9C0274860
[LOG] SystemI::createSoundInternal             : exinfo->fileuserdata       = 0000013675B2E308
[LOG] SystemI::createSoundInternal             : exinfo->initialseekpostype = 1
[LOG] SystemI::DSPCodecPoolRegister            : register codec pool for pool type 5
[LOG] SystemI::createSoundInternal             : Sample 0/1: name='Flower Placed', format=5, channels=2, frequency=48000, lengthbytes=10912, lengthpcm=38366, pcmblocksize=0, loopstart=0, loopend=0, mode=0x00000000, channelmask=0x00000000, channelorder=0, peakvolume=0.066040.
[LOG] SystemI::createSoundInternal             : Create name='', mode=0x02000202
[LOG] SystemI::createSoundInternal             : exinfo->cbsize             = 224
[LOG] SystemI::createSoundInternal             : exinfo->length             = 7146560
[LOG] SystemI::createSoundInternal             : exinfo->fileoffset         = 101440
[LOG] SystemI::createSoundInternal             : exinfo->numsubsounds       = 1
[LOG] SystemI::createSoundInternal             : exinfo->inclusionlist      = 00000002108FF4B8
[LOG] SystemI::createSoundInternal             : exinfo->inclusionlistnum   = 1
[LOG] SystemI::createSoundInternal             : exinfo->suggestedsoundtype = 5
[LOG] SystemI::createSoundInternal             : exinfo->useropen           = 00007FF9C02746D0
[LOG] SystemI::createSoundInternal             : exinfo->userclose          = 00007FF9C02746A0
[LOG] SystemI::createSoundInternal             : exinfo->userread           = 00007FF9C02747A0
[LOG] SystemI::createSoundInternal             : exinfo->userseek           = 00007FF9C0274860
[LOG] SystemI::createSoundInternal             : exinfo->fileuserdata       = 0000013675B2DEE8
[LOG] SystemI::createSoundInternal             : exinfo->initialseekpostype = 1
[LOG] SystemI::DSPCodecPoolRegister            : register codec pool for pool type 5
[LOG] SystemI::createSoundInternal             : Sample 0/1: name='Archway Hit 3', format=5, channels=2, frequency=48000, lengthbytes=3680, lengthpcm=12653, pcmblocksize=0, loopstart=0, loopend=0, mode=0x00000000, channelmask=0x00000000, channelorder=0, peakvolume=0.296082.
[LOG] SystemI::createSoundInternal             : Create name='', mode=0x02000202
[LOG] SystemI::createSoundInternal             : exinfo->cbsize             = 224
[LOG] SystemI::createSoundInternal             : exinfo->length             = 7146560
[LOG] SystemI::createSoundInternal             : exinfo->fileoffset         = 101440
[LOG] SystemI::createSoundInternal             : exinfo->numsubsounds       = 1
[LOG] SystemI::createSoundInternal             : exinfo->inclusionlist      = 00000002108FF4B8
[LOG] SystemI::createSoundInternal             : exinfo->inclusionlistnum   = 1
[LOG] SystemI::createSoundInternal             : exinfo->suggestedsoundtype = 5
[LOG] SystemI::createSoundInternal             : exinfo->useropen           = 00007FF9C02746D0
[LOG] SystemI::createSoundInternal             : exinfo->userclose          = 00007FF9C02746A0
[LOG] SystemI::createSoundInternal             : exinfo->userread           = 00007FF9C02747A0
[LOG] SystemI::createSoundInternal             : exinfo->userseek           = 00007FF9C0274860
[LOG] SystemI::createSoundInternal             : exinfo->fileuserdata       = 0000013675B2DEE8
[LOG] SystemI::createSoundInternal             : exinfo->initialseekpostype = 1
[LOG] SystemI::DSPCodecPoolRegister            : register codec pool for pool type 5
[LOG] SystemI::createSoundInternal             : Sample 0/1: name='Archway Hit 1', format=5, channels=2, frequency=48000, lengthbytes=3680, lengthpcm=12653, pcmblocksize=0, loopstart=0, loopend=0, mode=0x00000000, channelmask=0x00000000, channelorder=0, peakvolume=0.195099.
[LOG] SystemI::createSoundInternal             : Create name='', mode=0x02000202
[LOG] SystemI::createSoundInternal             : exinfo->cbsize             = 224
[LOG] SystemI::createSoundInternal             : exinfo->length             = 7146560
[LOG] SystemI::createSoundInternal             : exinfo->fileoffset         = 101440
[LOG] SystemI::createSoundInternal             : exinfo->numsubsounds       = 1
[LOG] SystemI::createSoundInternal             : exinfo->inclusionlist      = 00000002108FF4B8
[LOG] SystemI::createSoundInternal             : exinfo->inclusionlistnum   = 1
[LOG] SystemI::createSoundInternal             : exinfo->suggestedsoundtype = 5
[LOG] SystemI::createSoundInternal             : exinfo->useropen           = 00007FF9C02746D0
[LOG] SystemI::createSoundInternal             : exinfo->userclose          = 00007FF9C02746A0
[LOG] SystemI::createSoundInternal             : exinfo->userread           = 00007FF9C02747A0
[LOG] SystemI::createSoundInternal             : exinfo->userseek           = 00007FF9C0274860
[LOG] SystemI::createSoundInternal             : exinfo->fileuserdata       = 0000013675B2DEE8
[LOG] SystemI::createSoundInternal             : exinfo->initialseekpostype = 1
[LOG] SystemI::DSPCodecPoolRegister            : register codec pool for pool type 5
[LOG] SystemI::createSoundInternal             : Sample 0/1: name='Archway Hit 4', format=5, channels=2, frequency=48000, lengthbytes=3680, lengthpcm=12653, pcmblocksize=0, loopstart=0, loopend=0, mode=0x00000000, channelmask=0x00000000, channelorder=0, peakvolume=0.261566.
[LOG] SystemI::createSoundInternal             : Create name='', mode=0x02000202
[LOG] SystemI::createSoundInternal             : exinfo->cbsize             = 224
[LOG] SystemI::createSoundInternal             : exinfo->length             = 7146560
[LOG] SystemI::createSoundInternal             : exinfo->fileoffset         = 101440
[LOG] SystemI::createSoundInternal             : exinfo->numsubsounds       = 1
[LOG] SystemI::createSoundInternal             : exinfo->inclusionlist      = 00000002108FF4B8
[LOG] SystemI::createSoundInternal             : exinfo->inclusionlistnum   = 1
[LOG] SystemI::createSoundInternal             : exinfo->suggestedsoundtype = 5
[LOG] SystemI::createSoundInternal             : exinfo->useropen           = 00007FF9C02746D0
[LOG] SystemI::createSoundInternal             : exinfo->userclose          = 00007FF9C02746A0
[LOG] SystemI::createSoundInternal             : exinfo->userread           = 00007FF9C02747A0
[LOG] SystemI::createSoundInternal             : exinfo->userseek           = 00007FF9C0274860
[LOG] SystemI::createSoundInternal             : exinfo->fileuserdata       = 0000013675B2DEE8
[LOG] SystemI::createSoundInternal             : exinfo->initialseekpostype = 1
[LOG] SystemI::DSPCodecPoolRegister            : register codec pool for pool type 5
[LOG] SystemI::createSoundInternal             : Sample 0/1: name='Archway Hit 2', format=5, channels=2, frequency=48000, lengthbytes=3648, lengthpcm=12653, pcmblocksize=0, loopstart=0, loopend=0, mode=0x00000000, channelmask=0x00000000, channelorder=0, peakvolume=0.142212.
[LOG] SystemI::createSoundInternal             : Create name='', mode=0x02000202
[LOG] SystemI::createSoundInternal             : exinfo->cbsize             = 224
[LOG] SystemI::createSoundInternal             : exinfo->length             = 7146560
[LOG] SystemI::createSoundInternal             : exinfo->fileoffset         = 101440
[LOG] SystemI::createSoundInternal             : exinfo->numsubsounds       = 1
[LOG] SystemI::createSoundInternal             : exinfo->inclusionlist      = 00000002108FF4B8
[LOG] SystemI::createSoundInternal             : exinfo->inclusionlistnum   = 1
[LOG] SystemI::createSoundInternal             : exinfo->suggestedsoundtype = 5
[LOG] SystemI::createSoundInternal             : exinfo->useropen           = 00007FF9C02746D0
[LOG] SystemI::createSoundInternal             : exinfo->userclose          = 00007FF9C02746A0
[LOG] SystemI::createSoundInternal             : exinfo->userread           = 00007FF9C02747A0
[LOG] SystemI::createSoundInternal             : exinfo->userseek           = 00007FF9C0274860
[LOG] SystemI::createSoundInternal             : exinfo->fileuserdata       = 0000013675B2DEE8
[LOG] SystemI::createSoundInternal             : exinfo->initialseekpostype = 1
[LOG] SystemI::DSPCodecPoolRegister            : register codec pool for pool type 5
[LOG] SystemI::createSoundInternal             : Sample 0/1: name='Archway Hit 5', format=5, channels=2, frequency=48000, lengthbytes=3680, lengthpcm=12653, pcmblocksize=0, loopstart=0, loopend=0, mode=0x00000000, channelmask=0x00000000, channelorder=0, peakvolume=0.386719.
[LOG] SystemI::createSoundInternal             : Create name='', mode=0x02000202
[LOG] SystemI::createSoundInternal             : exinfo->cbsize             = 224
[LOG] SystemI::createSoundInternal             : exinfo->length             = 7146560
[LOG] SystemI::createSoundInternal             : exinfo->fileoffset         = 101440
[LOG] SystemI::createSoundInternal             : exinfo->numsubsounds       = 1
[LOG] SystemI::createSoundInternal             : exinfo->inclusionlist      = 00000002108FF4B8
[LOG] SystemI::createSoundInternal             : exinfo->inclusionlistnum   = 1
[LOG] SystemI::createSoundInternal             : exinfo->suggestedsoundtype = 5
[LOG] SystemI::createSoundInternal             : exinfo->useropen           = 00007FF9C02746D0
[LOG] SystemI::createSoundInternal             : exinfo->userclose          = 00007FF9C02746A0
[LOG] SystemI::createSoundInternal             : exinfo->userread           = 00007FF9C02747A0
[LOG] SystemI::createSoundInternal             : exinfo->userseek           = 00007FF9C0274860
[LOG] SystemI::createSoundInternal             : exinfo->fileuserdata       = 0000013675B2E308
[LOG] SystemI::createSoundInternal             : exinfo->initialseekpostype = 1
[LOG] SystemI::DSPCodecPoolRegister            : register codec pool for pool type 5
[LOG] SystemI::createSoundInternal             : Sample 0/1: name='Fountain Hit 2', format=5, channels=2, frequency=48000, lengthbytes=3040, lengthpcm=10453, pcmblocksize=0, loopstart=0, loopend=0, mode=0x00000000, channelmask=0x00000000, channelorder=0, peakvolume=0.317017.
[LOG] SystemI::createSoundInternal             : Create name='', mode=0x02000202
[LOG] SystemI::createSoundInternal             : exinfo->cbsize             = 224
[LOG] SystemI::createSoundInternal             : exinfo->length             = 7146560
[LOG] SystemI::createSoundInternal             : exinfo->fileoffset         = 101440
[LOG] SystemI::createSoundInternal             : exinfo->numsubsounds       = 1
[LOG] SystemI::createSoundInternal             : exinfo->inclusionlist      = 00000002108FF4B8
[LOG] SystemI::createSoundInternal             : exinfo->inclusionlistnum   = 1
[LOG] SystemI::createSoundInternal             : exinfo->suggestedsoundtype = 5
[LOG] SystemI::createSoundInternal             : exinfo->useropen           = 00007FF9C02746D0
[LOG] SystemI::createSoundInternal             : exinfo->userclose          = 00007FF9C02746A0
[LOG] SystemI::createSoundInternal             : exinfo->userread           = 00007FF9C02747A0
[LOG] SystemI::createSoundInternal             : exinfo->userseek           = 00007FF9C0274860
[LOG] SystemI::createSoundInternal             : exinfo->fileuserdata       = 0000013675B2E308
[LOG] SystemI::createSoundInternal             : exinfo->initialseekpostype = 1
[LOG] SystemI::DSPCodecPoolRegister            : register codec pool for pool type 5
[LOG] SystemI::createSoundInternal             : Sample 0/1: name='Fountain Hit 4', format=5, channels=2, frequency=48000, lengthbytes=3200, lengthpcm=10453, pcmblocksize=0, loopstart=0, loopend=0, mode=0x00000000, channelmask=0x00000000, channelorder=0, peakvolume=0.218292.
[LOG] SystemI::createSoundInternal             : Create name='', mode=0x02000202
[LOG] SystemI::createSoundInternal             : exinfo->cbsize             = 224
[LOG] SystemI::createSoundInternal             : exinfo->length             = 7146560
[LOG] SystemI::createSoundInternal             : exinfo->fileoffset         = 101440
[LOG] SystemI::createSoundInternal             : exinfo->numsubsounds       = 1
[LOG] SystemI::createSoundInternal             : exinfo->inclusionlist      = 00000002108FF4B8
[LOG] SystemI::createSoundInternal             : exinfo->inclusionlistnum   = 1
[LOG] SystemI::createSoundInternal             : exinfo->suggestedsoundtype = 5
[LOG] SystemI::createSoundInternal             : exinfo->useropen           = 00007FF9C02746D0
[LOG] SystemI::createSoundInternal             : exinfo->userclose          = 00007FF9C02746A0
[LOG] SystemI::createSoundInternal             : exinfo->userread           = 00007FF9C02747A0
[LOG] SystemI::createSoundInternal             : exinfo->userseek           = 00007FF9C0274860
[LOG] SystemI::createSoundInternal             : exinfo->fileuserdata       = 0000013675B2E308
[LOG] SystemI::createSoundInternal             : exinfo->initialseekpostype = 1
[LOG] SystemI::DSPCodecPoolRegister            : register codec pool for pool type 5
[LOG] SystemI::createSoundInternal             : Sample 0/1: name='Fountain Hit 3', format=5, channels=2, frequency=48000, lengthbytes=3104, lengthpcm=10453, pcmblocksize=0, loopstart=0, loopend=0, mode=0x00000000, channelmask=0x00000000, channelorder=0, peakvolume=0.243073.
[LOG] SystemI::createSoundInternal             : Create name='', mode=0x02000202
[LOG] SystemI::createSoundInternal             : exinfo->cbsize             = 224
[LOG] SystemI::createSoundInternal             : exinfo->length             = 7146560
[LOG] SystemI::createSoundInternal             : exinfo->fileoffset         = 101440
[LOG] SystemI::createSoundInternal             : exinfo->numsubsounds       = 1
[LOG] SystemI::createSoundInternal             : exinfo->inclusionlist      = 00000002108FF4B8
[LOG] SystemI::createSoundInternal             : exinfo->inclusionlistnum   = 1
[LOG] SystemI::createSoundInternal             : exinfo->suggestedsoundtype = 5
[LOG] SystemI::createSoundInternal             : exinfo->useropen           = 00007FF9C02746D0
[LOG] SystemI::createSoundInternal             : exinfo->userclose          = 00007FF9C02746A0
[LOG] SystemI::createSoundInternal             : exinfo->userread           = 00007FF9C02747A0
[LOG] SystemI::createSoundInternal             : exinfo->userseek           = 00007FF9C0274860
[LOG] SystemI::createSoundInternal             : exinfo->fileuserdata       = 0000013675B2E308
[LOG] SystemI::createSoundInternal             : exinfo->initialseekpostype = 1
[LOG] SystemI::DSPCodecPoolRegister            : register codec pool for pool type 5
[LOG] SystemI::createSoundInternal             : Sample 0/1: name='Fountain Hit 5', format=5, channels=2, frequency=48000, lengthbytes=3072, lengthpcm=10453, pcmblocksize=0, loopstart=0, loopend=0, mode=0x00000000, channelmask=0x00000000, channelorder=0, peakvolume=0.188049.
[LOG] SystemI::createSoundInternal             : Create name='', mode=0x02000202
[LOG] SystemI::createSoundInternal             : exinfo->cbsize             = 224
[LOG] SystemI::createSoundInternal             : exinfo->length             = 7146560
[LOG] SystemI::createSoundInternal             : exinfo->fileoffset         = 101440
[LOG] SystemI::createSoundInternal             : exinfo->numsubsounds       = 1
[LOG] SystemI::createSoundInternal             : exinfo->inclusionlist      = 00000002108FF4B8
[LOG] SystemI::createSoundInternal             : exinfo->inclusionlistnum   = 1
[LOG] SystemI::createSoundInternal             : exinfo->suggestedsoundtype = 5
[LOG] SystemI::createSoundInternal             : exinfo->useropen           = 00007FF9C02746D0
[LOG] SystemI::createSoundInternal             : exinfo->userclose          = 00007FF9C02746A0
[LOG] SystemI::createSoundInternal             : exinfo->userread           = 00007FF9C02747A0
[LOG] SystemI::createSoundInternal             : exinfo->userseek           = 00007FF9C0274860
[LOG] SystemI::createSoundInternal             : exinfo->fileuserdata       = 0000013675B2E308
[LOG] SystemI::createSoundInternal             : exinfo->initialseekpostype = 1
[LOG] SystemI::DSPCodecPoolRegister            : register codec pool for pool type 5
[LOG] SystemI::createSoundInternal             : Sample 0/1: name='Fountain Hit 1', format=5, channels=2, frequency=48000, lengthbytes=3232, lengthpcm=10453, pcmblocksize=0, loopstart=0, loopend=0, mode=0x00000000, channelmask=0x00000000, channelorder=0, peakvolume=0.266541.
[LOG] SystemI::createSoundInternal             : Create name='', mode=0x02000202
[LOG] SystemI::createSoundInternal             : exinfo->cbsize             = 224
[LOG] SystemI::createSoundInternal             : exinfo->length             = 7146560
[LOG] SystemI::createSoundInternal             : exinfo->fileoffset         = 101440
[LOG] SystemI::createSoundInternal             : exinfo->numsubsounds       = 1
[LOG] SystemI::createSoundInternal             : exinfo->inclusionlist      = 00000002108FF4B8
[LOG] SystemI::createSoundInternal             : exinfo->inclusionlistnum   = 1
[LOG] SystemI::createSoundInternal             : exinfo->suggestedsoundtype = 5
[LOG] SystemI::createSoundInternal             : exinfo->useropen           = 00007FF9C02746D0
[LOG] SystemI::createSoundInternal             : exinfo->userclose          = 00007FF9C02746A0
[LOG] SystemI::createSoundInternal             : exinfo->userread           = 00007FF9C02747A0
[LOG] SystemI::createSoundInternal             : exinfo->userseek           = 00007FF9C0274860
[LOG] SystemI::createSoundInternal             : exinfo->fileuserdata       = 0000013675B2E728
[LOG] SystemI::createSoundInternal             : exinfo->initialseekpostype = 1
[LOG] SystemI::DSPCodecPoolRegister            : register codec pool for pool type 5
[LOG] SystemI::createSoundInternal             : Sample 0/1: name='Book Hit 1', format=5, channels=2, frequency=48000, lengthbytes=3360, lengthpcm=10993, pcmblocksize=0, loopstart=0, loopend=0, mode=0x00000000, channelmask=0x00000000, channelorder=0, peakvolume=0.999969.
[LOG] SystemI::createSoundInternal             : Create name='', mode=0x02000202
[LOG] SystemI::createSoundInternal             : exinfo->cbsize             = 224
[LOG] SystemI::createSoundInternal             : exinfo->length             = 7146560
[LOG] SystemI::createSoundInternal             : exinfo->fileoffset         = 101440
[LOG] SystemI::createSoundInternal             : exinfo->numsubsounds       = 1
[LOG] SystemI::createSoundInternal             : exinfo->inclusionlist      = 00000002108FF4B8
[LOG] SystemI::createSoundInternal             : exinfo->inclusionlistnum   = 1
[LOG] SystemI::createSoundInternal             : exinfo->suggestedsoundtype = 5
[LOG] SystemI::createSoundInternal             : exinfo->useropen           = 00007FF9C02746D0
[LOG] SystemI::createSoundInternal             : exinfo->userclose          = 00007FF9C02746A0
[LOG] SystemI::createSoundInternal             : exinfo->userread           = 00007FF9C02747A0
[LOG] SystemI::createSoundInternal             : exinfo->userseek           = 00007FF9C0274860
[LOG] SystemI::createSoundInternal             : exinfo->fileuserdata       = 0000013675B2E728
[LOG] SystemI::createSoundInternal             : exinfo->initialseekpostype = 1
[LOG] SystemI::DSPCodecPoolRegister            : register codec pool for pool type 5
[LOG] SystemI::createSoundInternal             : Sample 0/1: name='Book Hit 3', format=5, channels=2, frequency=48000, lengthbytes=4544, lengthpcm=14244, pcmblocksize=0, loopstart=0, loopend=0, mode=0x00000000, channelmask=0x00000000, channelorder=0, peakvolume=0.999969.
[LOG] SystemI::createSoundInternal             : Create name='', mode=0x02000202
[LOG] SystemI::createSoundInternal             : exinfo->cbsize             = 224
[LOG] SystemI::createSoundInternal             : exinfo->length             = 7146560
[LOG] SystemI::createSoundInternal             : exinfo->fileoffset         = 101440
[LOG] SystemI::createSoundInternal             : exinfo->numsubsounds       = 1
[LOG] SystemI::createSoundInternal             : exinfo->inclusionlist      = 00000002108FF4B8
[LOG] SystemI::createSoundInternal             : exinfo->inclusionlistnum   = 1
[LOG] SystemI::createSoundInternal             : exinfo->suggestedsoundtype = 5
[LOG] SystemI::createSoundInternal             : exinfo->useropen           = 00007FF9C02746D0
[LOG] SystemI::createSoundInternal             : exinfo->userclose          = 00007FF9C02746A0
[LOG] SystemI::createSoundInternal             : exinfo->userread           = 00007FF9C02747A0
[LOG] SystemI::createSoundInternal             : exinfo->userseek           = 00007FF9C0274860
[LOG] SystemI::createSoundInternal             : exinfo->fileuserdata       = 0000013675B2E728
[LOG] SystemI::createSoundInternal             : exinfo->initialseekpostype = 1
[LOG] SystemI::DSPCodecPoolRegister            : register codec pool for pool type 5
[LOG] SystemI::createSoundInternal             : Sample 0/1: name='Book Hit 2', format=5, channels=2, frequency=48000, lengthbytes=3936, lengthpcm=13069, pcmblocksize=0, loopstart=0, loopend=0, mode=0x00000000, channelmask=0x00000000, channelorder=0, peakvolume=0.434235.
[LOG] SystemI::createSoundInternal             : Create name='', mode=0x02000202
[LOG] SystemI::createSoundInternal             : exinfo->cbsize             = 224
[LOG] SystemI::createSoundInternal             : exinfo->length             = 7146560
[LOG] SystemI::createSoundInternal             : exinfo->fileoffset         = 101440
[LOG] SystemI::createSoundInternal             : exinfo->numsubsounds       = 1
[LOG] SystemI::createSoundInternal             : exinfo->inclusionlist      = 00000002108FF4B8
[LOG] SystemI::createSoundInternal             : exinfo->inclusionlistnum   = 1
[LOG] SystemI::createSoundInternal             : exinfo->suggestedsoundtype = 5
[LOG] SystemI::createSoundInternal             : exinfo->useropen           = 00007FF9C02746D0
[LOG] SystemI::createSoundInternal             : exinfo->userclose          = 00007FF9C02746A0
[LOG] SystemI::createSoundInternal             : exinfo->userread           = 00007FF9C02747A0
[LOG] SystemI::createSoundInternal             : exinfo->userseek           = 00007FF9C0274860
[LOG] SystemI::createSoundInternal             : exinfo->fileuserdata       = 0000013675B2DEE8
[LOG] SystemI::createSoundInternal             : exinfo->initialseekpostype = 1
[LOG] SystemI::DSPCodecPoolRegister            : register codec pool for pool type 5
[LOG] SystemI::createSoundInternal             : Sample 0/1: name='Table Hit 3', format=5, channels=2, frequency=48000, lengthbytes=5280, lengthpcm=20975, pcmblocksize=0, loopstart=0, loopend=0, mode=0x00000000, channelmask=0x00000000, channelorder=0, peakvolume=0.267181.
[LOG] SystemI::createSoundInternal             : Create name='', mode=0x02000202
[LOG] SystemI::createSoundInternal             : exinfo->cbsize             = 224
[LOG] SystemI::createSoundInternal             : exinfo->length             = 7146560
[LOG] SystemI::createSoundInternal             : exinfo->fileoffset         = 101440
[LOG] SystemI::createSoundInternal             : exinfo->numsubsounds       = 1
[LOG] SystemI::createSoundInternal             : exinfo->inclusionlist      = 00000002108FF4B8
[LOG] SystemI::createSoundInternal             : exinfo->inclusionlistnum   = 1
[LOG] SystemI::createSoundInternal             : exinfo->suggestedsoundtype = 5
[LOG] SystemI::createSoundInternal             : exinfo->useropen           = 00007FF9C02746D0
[LOG] SystemI::createSoundInternal             : exinfo->userclose          = 00007FF9C02746A0
[LOG] SystemI::createSoundInternal             : exinfo->userread           = 00007FF9C02747A0
[LOG] SystemI::createSoundInternal             : exinfo->userseek           = 00007FF9C0274860
[LOG] SystemI::createSoundInternal             : exinfo->fileuserdata       = 0000013675B2DEE8
[LOG] SystemI::createSoundInternal             : exinfo->initialseekpostype = 1
[LOG] SystemI::DSPCodecPoolRegister            : register codec pool for pool type 5
[LOG] SystemI::createSoundInternal             : Sample 0/1: name='Table Hit 2', format=5, channels=2, frequency=48000, lengthbytes=5504, lengthpcm=21333, pcmblocksize=0, loopstart=0, loopend=0, mode=0x00000000, channelmask=0x00000000, channelorder=0, peakvolume=0.806122.
[LOG] SystemI::createSoundInternal             : Create name='', mode=0x02000202
[LOG] SystemI::createSoundInternal             : exinfo->cbsize             = 224
[LOG] SystemI::createSoundInternal             : exinfo->length             = 7146560
[LOG] SystemI::createSoundInternal             : exinfo->fileoffset         = 101440
[LOG] SystemI::createSoundInternal             : exinfo->numsubsounds       = 1
[LOG] SystemI::createSoundInternal             : exinfo->inclusionlist      = 00000002108FF4B8
[LOG] SystemI::createSoundInternal             : exinfo->inclusionlistnum   = 1
[LOG] SystemI::createSoundInternal             : exinfo->suggestedsoundtype = 5
[LOG] SystemI::createSoundInternal             : exinfo->useropen           = 00007FF9C02746D0
[LOG] SystemI::createSoundInternal             : exinfo->userclose          = 00007FF9C02746A0
[LOG] SystemI::createSoundInternal             : exinfo->userread           = 00007FF9C02747A0
[LOG] SystemI::createSoundInternal             : exinfo->userseek           = 00007FF9C0274860
[LOG] SystemI::createSoundInternal             : exinfo->fileuserdata       = 0000013675B2DEE8
[LOG] SystemI::createSoundInternal             : exinfo->initialseekpostype = 1
[LOG] SystemI::DSPCodecPoolRegister            : register codec pool for pool type 5
[LOG] SystemI::createSoundInternal             : Sample 0/1: name='Table Hit', format=5, channels=2, frequency=48000, lengthbytes=5984, lengthpcm=21333, pcmblocksize=0, loopstart=0, loopend=0, mode=0x00000000, channelmask=0x00000000, channelorder=0, peakvolume=0.352417.
[LOG] SystemI::createSoundInternal             : Create name='', mode=0x02000202
[LOG] SystemI::createSoundInternal             : exinfo->cbsize             = 224
[LOG] SystemI::createSoundInternal             : exinfo->length             = 7146560
[LOG] SystemI::createSoundInternal             : exinfo->fileoffset         = 101440
[LOG] SystemI::createSoundInternal             : exinfo->numsubsounds       = 1
[LOG] SystemI::createSoundInternal             : exinfo->inclusionlist      = 00000002108FF4B8
[LOG] SystemI::createSoundInternal             : exinfo->inclusionlistnum   = 1
[LOG] SystemI::createSoundInternal             : exinfo->suggestedsoundtype = 5
[LOG] SystemI::createSoundInternal             : exinfo->useropen           = 00007FF9C02746D0
[LOG] SystemI::createSoundInternal             : exinfo->userclose          = 00007FF9C02746A0
[LOG] SystemI::createSoundInternal             : exinfo->userread           = 00007FF9C02747A0
[LOG] SystemI::createSoundInternal             : exinfo->userseek           = 00007FF9C0274860
[LOG] SystemI::createSoundInternal             : exinfo->fileuserdata       = 0000013675B2E518
[LOG] SystemI::createSoundInternal             : exinfo->initialseekpostype = 1
[LOG] SystemI::DSPCodecPoolRegister            : register codec pool for pool type 5
[LOG] SystemI::createSoundInternal             : Sample 0/1: name='Book Slide 1', format=5, channels=2, frequency=48000, lengthbytes=9536, lengthpcm=34718, pcmblocksize=0, loopstart=0, loopend=0, mode=0x00000000, channelmask=0x00000000, channelorder=0, peakvolume=0.021698.
[LOG] SystemI::createSoundInternal             : Create name='', mode=0x02000202
[LOG] SystemI::createSoundInternal             : exinfo->cbsize             = 224
[LOG] SystemI::createSoundInternal             : exinfo->length             = 7146560
[LOG] SystemI::createSoundInternal             : exinfo->fileoffset         = 101440
[LOG] SystemI::createSoundInternal             : exinfo->numsubsounds       = 1
[LOG] SystemI::createSoundInternal             : exinfo->inclusionlist      = 00000002108FF4B8
[LOG] SystemI::createSoundInternal             : exinfo->inclusionlistnum   = 1
[LOG] SystemI::createSoundInternal             : exinfo->suggestedsoundtype = 5
[LOG] SystemI::createSoundInternal             : exinfo->useropen           = 00007FF9C02746D0
[LOG] SystemI::createSoundInternal             : exinfo->userclose          = 00007FF9C02746A0
[LOG] SystemI::createSoundInternal             : exinfo->userread           = 00007FF9C02747A0
[LOG] SystemI::createSoundInternal             : exinfo->userseek           = 00007FF9C0274860
[LOG] SystemI::createSoundInternal             : exinfo->fileuserdata       = 0000013675B2E518
[LOG] SystemI::createSoundInternal             : exinfo->initialseekpostype = 1
[LOG] SystemI::DSPCodecPoolRegister            : register codec pool for pool type 5
[LOG] SystemI::createSoundInternal             : Sample 0/1: name='Book Slide 2', format=5, channels=2, frequency=48000, lengthbytes=10400, lengthpcm=39204, pcmblocksize=0, loopstart=0, loopend=0, mode=0x00000000, channelmask=0x00000000, channelorder=0, peakvolume=0.013367.
[LOG] SystemI::createSound                     : filename = ../Sounds/Candification_FMOD/Build/Desktop/Master.bank : mode 02010082
[LOG] SystemI::createSound                     : FMOD_NONBLOCKING specified.  Putting into queue to be opened asynchronously!
[LOG] SystemI::createSound                     : setdata soundi = 000001392F83FE68 : node = 000001388D6F2EC0
[LOG] SystemI::createSound                     : add node to async list : head = 000001367539F178.  list count = 0
[LOG] AsyncThread::threadFunc                  : Starting Asynchronous operation on sound 000001392F83FE68
[LOG] SystemI::createSoundInternal             :     Create name='../Sounds/Candification_FMOD/Build/Desktop/Master.bank', mode=0x02010082
[LOG] SystemI::createSoundInternal             :     exinfo->cbsize             = 224
[LOG] SystemI::createSoundInternal             :     exinfo->length             = 7146560
[LOG] SystemI::createSoundInternal             :     exinfo->fileoffset         = 101440
[LOG] SystemI::createSoundInternal             :     exinfo->numsubsounds       = 1
[LOG] SystemI::createSoundInternal             :     exinfo->inclusionlist      = 000001388D6F2FD0
[LOG] SystemI::createSoundInternal             :     exinfo->inclusionlistnum   = 1
[LOG] SystemI::createSoundInternal             :     exinfo->suggestedsoundtype = 5
[LOG] SystemI::createSoundInternal             :     exinfo->initialseekpostype = 1
[LOG] SystemI::createSoundInternal             :     Stream 0/1: name='mainfloor', format=5, channels=2, frequency=48000, lengthbytes=1338624, lengthpcm=6278400, pcmblocksize=0, loopstart=0, loopend=0, mode=0x00000000, channelmask=0x00000000, channelorder=0, peakvolume=0.421283.
[LOG] AsyncThread::threadFunc                  : Finished Asynchronous operation on sound 000001392F83FE68
[LOG] AsyncThread::threadFunc                  : Starting Asynchronous operation on sound 000001392F83C6B8
[LOG] AsyncThread::threadFunc                  : Finished Asynchronous operation on sound 000001392F83C6B8
[LOG] SoundI::release                          : mainfloor (000001392FA99AE8)
[LOG] SoundI::release                          :     mainfloor (000001386B9156B8)
[LOG] SoundI::release                          :     mainfloor (000001392FA9A508)
[LOG] SystemI::createSoundInternal             : Create name='', mode=0x02000202
[LOG] SystemI::createSoundInternal             : exinfo->cbsize             = 224
[LOG] SystemI::createSoundInternal             : exinfo->length             = 7146560
[LOG] SystemI::createSoundInternal             : exinfo->fileoffset         = 101440
[LOG] SystemI::createSoundInternal             : exinfo->numsubsounds       = 1
[LOG] SystemI::createSoundInternal             : exinfo->inclusionlist      = 00000002108FF4B8
[LOG] SystemI::createSoundInternal             : exinfo->inclusionlistnum   = 1
[LOG] SystemI::createSoundInternal             : exinfo->suggestedsoundtype = 5
[LOG] SystemI::createSoundInternal             : exinfo->useropen           = 00007FF9C02746D0
[LOG] SystemI::createSoundInternal             : exinfo->userclose          = 00007FF9C02746A0
[LOG] SystemI::createSoundInternal             : exinfo->userread           = 00007FF9C02747A0
[LOG] SystemI::createSoundInternal             : exinfo->userseek           = 00007FF9C0274860
[LOG] SystemI::createSoundInternal             : exinfo->fileuserdata       = 0000013675B2E938
[LOG] SystemI::createSoundInternal             : exinfo->initialseekpostype = 1
[LOG] SystemI::DSPCodecPoolRegister            : register codec pool for pool type 5
[LOG] SystemI::createSoundInternal             : Sample 0/1: name='Locked Door 1', format=5, channels=2, frequency=48000, lengthbytes=37600, lengthpcm=124041, pcmblocksize=0, loopstart=0, loopend=0, mode=0x00000000, channelmask=0x00000000, channelorder=0, peakvolume=0.936829.
[LOG] SystemI::createSoundInternal             : Create name='', mode=0x02000202
[LOG] SystemI::createSoundInternal             : exinfo->cbsize             = 224
[LOG] SystemI::createSoundInternal             : exinfo->length             = 7146560
[LOG] SystemI::createSoundInternal             : exinfo->fileoffset         = 101440
[LOG] SystemI::createSoundInternal             : exinfo->numsubsounds       = 1
[LOG] SystemI::createSoundInternal             : exinfo->inclusionlist      = 00000002108FF4B8
[LOG] SystemI::createSoundInternal             : exinfo->inclusionlistnum   = 1
[LOG] SystemI::createSoundInternal             : exinfo->suggestedsoundtype = 5
[LOG] SystemI::createSoundInternal             : exinfo->useropen           = 00007FF9C02746D0
[LOG] SystemI::createSoundInternal             : exinfo->userclose          = 00007FF9C02746A0
[LOG] SystemI::createSoundInternal             : exinfo->userread           = 00007FF9C02747A0
[LOG] SystemI::createSoundInternal             : exinfo->userseek           = 00007FF9C0274860
[LOG] SystemI::createSoundInternal             : exinfo->fileuserdata       = 0000013675B2E938
[LOG] SystemI::createSoundInternal             : exinfo->initialseekpostype = 1
[LOG] SystemI::DSPCodecPoolRegister            : register codec pool for pool type 5
[LOG] SystemI::createSoundInternal             : Sample 0/1: name='Locked Door 2', format=5, channels=2, frequency=48000, lengthbytes=31712, lengthpcm=103398, pcmblocksize=0, loopstart=0, loopend=0, mode=0x00000000, channelmask=0x00000000, channelorder=0, peakvolume=0.518585.
[LOG] SystemI::createSoundInternal             : Create name='', mode=0x02000202
[LOG] SystemI::createSoundInternal             : exinfo->cbsize             = 224
[LOG] SystemI::createSoundInternal             : exinfo->length             = 7146560
[LOG] SystemI::createSoundInternal             : exinfo->fileoffset         = 101440
[LOG] SystemI::createSoundInternal             : exinfo->numsubsounds       = 1
[LOG] SystemI::createSoundInternal             : exinfo->inclusionlist      = 00000002108FF4B8
[LOG] SystemI::createSoundInternal             : exinfo->inclusionlistnum   = 1
[LOG] SystemI::createSoundInternal             : exinfo->suggestedsoundtype = 5
[LOG] SystemI::createSoundInternal             : exinfo->useropen           = 00007FF9C02746D0
[LOG] SystemI::createSoundInternal             : exinfo->userclose          = 00007FF9C02746A0
[LOG] SystemI::createSoundInternal             : exinfo->userread           = 00007FF9C02747A0
[LOG] SystemI::createSoundInternal             : exinfo->userseek           = 00007FF9C0274860
[LOG] SystemI::createSoundInternal             : exinfo->fileuserdata       = 0000013675B2DEE8
[LOG] SystemI::createSoundInternal             : exinfo->initialseekpostype = 1
[LOG] SystemI::DSPCodecPoolRegister            : register codec pool for pool type 5
[LOG] SystemI::createSoundInternal             : Sample 0/1: name='Blow Out', format=5, channels=2, frequency=48000, lengthbytes=4256, lengthpcm=14965, pcmblocksize=0, loopstart=0, loopend=0, mode=0x00000000, channelmask=0x00000000, channelorder=0, peakvolume=0.131775.
[LOG] SystemI::createSoundInternal             : Create name='', mode=0x02000202
[LOG] SystemI::createSoundInternal             : exinfo->cbsize             = 224
[LOG] SystemI::createSoundInternal             : exinfo->length             = 7146560
[LOG] SystemI::createSoundInternal             : exinfo->fileoffset         = 101440
[LOG] SystemI::createSoundInternal             : exinfo->numsubsounds       = 1
[LOG] SystemI::createSoundInternal             : exinfo->inclusionlist      = 00000002108FF4B8
[LOG] SystemI::createSoundInternal             : exinfo->inclusionlistnum   = 1
[LOG] SystemI::createSoundInternal             : exinfo->suggestedsoundtype = 5
[LOG] SystemI::createSoundInternal             : exinfo->useropen           = 00007FF9C02746D0
[LOG] SystemI::createSoundInternal             : exinfo->userclose          = 00007FF9C02746A0
[LOG] SystemI::createSoundInternal             : exinfo->userread           = 00007FF9C02747A0
[LOG] SystemI::createSoundInternal             : exinfo->userseek           = 00007FF9C0274860
[LOG] SystemI::createSoundInternal             : exinfo->fileuserdata       = 0000013675B2EB48
[LOG] SystemI::createSoundInternal             : exinfo->initialseekpostype = 1
[LOG] SystemI::DSPCodecPoolRegister            : register codec pool for pool type 5
[LOG] SystemI::createSoundInternal             : Sample 0/1: name='Lever', format=5, channels=2, frequency=48000, lengthbytes=15776, lengthpcm=72582, pcmblocksize=0, loopstart=0, loopend=0, mode=0x00000000, channelmask=0x00000000, channelorder=0, peakvolume=0.048798.
[LOG] SystemI::createSoundInternal             : Create name='', mode=0x02000202
[LOG] SystemI::createSoundInternal             : exinfo->cbsize             = 224
[LOG] SystemI::createSoundInternal             : exinfo->length             = 7146560
[LOG] SystemI::createSoundInternal             : exinfo->fileoffset         = 101440
[LOG] SystemI::createSoundInternal             : exinfo->numsubsounds       = 1
[LOG] SystemI::createSoundInternal             : exinfo->inclusionlist      = 00000002108FF4B8
[LOG] SystemI::createSoundInternal             : exinfo->inclusionlistnum   = 1
[LOG] SystemI::createSoundInternal             : exinfo->suggestedsoundtype = 5
[LOG] SystemI::createSoundInternal             : exinfo->useropen           = 00007FF9C02746D0
[LOG] SystemI::createSoundInternal             : exinfo->userclose          = 00007FF9C02746A0
[LOG] SystemI::createSoundInternal             : exinfo->userread           = 00007FF9C02747A0
[LOG] SystemI::createSoundInternal             : exinfo->userseek           = 00007FF9C0274860
[LOG] SystemI::createSoundInternal             : exinfo->fileuserdata       = 0000013675B2E518
[LOG] SystemI::createSoundInternal             : exinfo->initialseekpostype = 1
[LOG] SystemI::DSPCodecPoolRegister            : register codec pool for pool type 5
[LOG] SystemI::createSoundInternal             : Sample 0/1: name='Cupboard Door Opening', format=5, channels=2, frequency=48000, lengthbytes=21792, lengthpcm=79560, pcmblocksize=0, loopstart=0, loopend=0, mode=0x00000000, channelmask=0x00000000, channelorder=0, peakvolume=0.107849.
[LOG] SystemI::createSoundInternal             : Create name='', mode=0x02000202
[LOG] SystemI::createSoundInternal             : exinfo->cbsize             = 224
[LOG] SystemI::createSoundInternal             : exinfo->length             = 7146560
[LOG] SystemI::createSoundInternal             : exinfo->fileoffset         = 101440
[LOG] SystemI::createSoundInternal             : exinfo->numsubsounds       = 1
[LOG] SystemI::createSoundInternal             : exinfo->inclusionlist      = 00000002108FF4B8
[LOG] SystemI::createSoundInternal             : exinfo->inclusionlistnum   = 1
[LOG] SystemI::createSoundInternal             : exinfo->suggestedsoundtype = 5
[LOG] SystemI::createSoundInternal             : exinfo->useropen           = 00007FF9C02746D0
[LOG] SystemI::createSoundInternal             : exinfo->userclose          = 00007FF9C02746A0
[LOG] SystemI::createSoundInternal             : exinfo->userread           = 00007FF9C02747A0
[LOG] SystemI::createSoundInternal             : exinfo->userseek           = 00007FF9C0274860
[LOG] SystemI::createSoundInternal             : exinfo->fileuserdata       = 0000013675B2EB48
[LOG] SystemI::createSoundInternal             : exinfo->initialseekpostype = 1
[LOG] SystemI::DSPCodecPoolRegister            : register codec pool for pool type 5
[LOG] SystemI::createSoundInternal             : Sample 0/1: name='Cupboard Door Closing', format=5, channels=2, frequency=48000, lengthbytes=22336, lengthpcm=82629, pcmblocksize=0, loopstart=0, loopend=0, mode=0x00000000, channelmask=0x00000000, channelorder=0, peakvolume=0.173706.
[LOG] SystemI::createSoundInternal             : Create name='', mode=0x02000202
[LOG] SystemI::createSoundInternal             : exinfo->cbsize             = 224
[LOG] SystemI::createSoundInternal             : exinfo->length             = 7146560
[LOG] SystemI::createSoundInternal             : exinfo->fileoffset         = 101440
[LOG] SystemI::createSoundInternal             : exinfo->numsubsounds       = 1
[LOG] SystemI::createSoundInternal             : exinfo->inclusionlist      = 00000002108FF4B8
[LOG] SystemI::createSoundInternal             : exinfo->inclusionlistnum   = 1
[LOG] SystemI::createSoundInternal             : exinfo->suggestedsoundtype = 5
[LOG] SystemI::createSoundInternal             : exinfo->useropen           = 00007FF9C02746D0
[LOG] SystemI::createSoundInternal             : exinfo->userclose          = 00007FF9C02746A0
[LOG] SystemI::createSoundInternal             : exinfo->userread           = 00007FF9C02747A0
[LOG] SystemI::createSoundInternal             : exinfo->userseek           = 00007FF9C0274860
[LOG] SystemI::createSoundInternal             : exinfo->fileuserdata       = 0000013675B2E938
[LOG] SystemI::createSoundInternal             : exinfo->initialseekpostype = 1
[LOG] SystemI::DSPCodecPoolRegister            : register codec pool for pool type 5
[LOG] SystemI::createSoundInternal             : Sample 0/1: name='Shelf Opening', format=5, channels=2, frequency=48000, lengthbytes=28480, lengthpcm=109553, pcmblocksize=0, loopstart=0, loopend=0, mode=0x00000000, channelmask=0x00000000, channelorder=0, peakvolume=0.017670.
[LOG] SystemI::createSoundInternal             : Create name='', mode=0x02000202
[LOG] SystemI::createSoundInternal             : exinfo->cbsize             = 224
[LOG] SystemI::createSoundInternal             : exinfo->length             = 7146560
[LOG] SystemI::createSoundInternal             : exinfo->fileoffset         = 101440
[LOG] SystemI::createSoundInternal             : exinfo->numsubsounds       = 1
[LOG] SystemI::createSoundInternal             : exinfo->inclusionlist      = 00000002108FF4B8
[LOG] SystemI::createSoundInternal             : exinfo->inclusionlistnum   = 1
[LOG] SystemI::createSoundInternal             : exinfo->suggestedsoundtype = 5
[LOG] SystemI::createSoundInternal             : exinfo->useropen           = 00007FF9C02746D0
[LOG] SystemI::createSoundInternal             : exinfo->userclose          = 00007FF9C02746A0
[LOG] SystemI::createSoundInternal             : exinfo->userread           = 00007FF9C02747A0
[LOG] SystemI::createSoundInternal             : exinfo->userseek           = 00007FF9C0274860
[LOG] SystemI::createSoundInternal             : exinfo->fileuserdata       = 0000013675B2EB48
[LOG] SystemI::createSoundInternal             : exinfo->initialseekpostype = 1
[LOG] SystemI::DSPCodecPoolRegister            : register codec pool for pool type 5
[LOG] SystemI::createSoundInternal             : Sample 0/1: name='Soft Hit 1', format=5, channels=2, frequency=48000, lengthbytes=2656, lengthpcm=9323, pcmblocksize=0, loopstart=0, loopend=0, mode=0x00000000, channelmask=0x00000000, channelorder=0, peakvolume=0.183258.
[LOG] SystemI::createSoundInternal             : Create name='', mode=0x02000202
[LOG] SystemI::createSoundInternal             : exinfo->cbsize             = 224
[LOG] SystemI::createSoundInternal             : exinfo->length             = 7146560
[LOG] SystemI::createSoundInternal             : exinfo->fileoffset         = 101440
[LOG] SystemI::createSoundInternal             : exinfo->numsubsounds       = 1
[LOG] SystemI::createSoundInternal             : exinfo->inclusionlist      = 00000002108FF4B8
[LOG] SystemI::createSoundInternal             : exinfo->inclusionlistnum   = 1
[LOG] SystemI::createSoundInternal             : exinfo->suggestedsoundtype = 5
[LOG] SystemI::createSoundInternal             : exinfo->useropen           = 00007FF9C02746D0
[LOG] SystemI::createSoundInternal             : exinfo->userclose          = 00007FF9C02746A0
[LOG] SystemI::createSoundInternal             : exinfo->userread           = 00007FF9C02747A0
[LOG] SystemI::createSoundInternal             : exinfo->userseek           = 00007FF9C0274860
[LOG] SystemI::createSoundInternal             : exinfo->fileuserdata       = 0000013675B2EB48
[LOG] SystemI::createSoundInternal             : exinfo->initialseekpostype = 1
[LOG] SystemI::DSPCodecPoolRegister            : register codec pool for pool type 5
[LOG] SystemI::createSoundInternal             : Sample 0/1: name='Soft Hit 2', format=5, channels=2, frequency=48000, lengthbytes=2688, lengthpcm=9323, pcmblocksize=0, loopstart=0, loopend=0, mode=0x00000000, channelmask=0x00000000, channelorder=0, peakvolume=0.112549.
[LOG] SystemI::createSoundInternal             : Create name='', mode=0x02000202
[LOG] SystemI::createSoundInternal             : exinfo->cbsize             = 224
[LOG] SystemI::createSoundInternal             : exinfo->length             = 7146560
[LOG] SystemI::createSoundInternal             : exinfo->fileoffset         = 101440
[LOG] SystemI::createSoundInternal             : exinfo->numsubsounds       = 1
[LOG] SystemI::createSoundInternal             : exinfo->inclusionlist      = 00000002108FF4B8
[LOG] SystemI::createSoundInternal             : exinfo->inclusionlistnum   = 1
[LOG] SystemI::createSoundInternal             : exinfo->suggestedsoundtype = 5
[LOG] SystemI::createSoundInternal             : exinfo->useropen           = 00007FF9C02746D0
[LOG] SystemI::createSoundInternal             : exinfo->userclose          = 00007FF9C02746A0
[LOG] SystemI::createSoundInternal             : exinfo->userread           = 00007FF9C02747A0
[LOG] SystemI::createSoundInternal             : exinfo->userseek           = 00007FF9C0274860
[LOG] SystemI::createSoundInternal             : exinfo->fileuserdata       = 0000013675B2DEE8
[LOG] SystemI::createSoundInternal             : exinfo->initialseekpostype = 1
[LOG] SystemI::DSPCodecPoolRegister            : register codec pool for pool type 5
[LOG] SystemI::createSoundInternal             : Sample 0/1: name='Shelf Closing', format=5, channels=2, frequency=48000, lengthbytes=18848, lengthpcm=71302, pcmblocksize=0, loopstart=0, loopend=0, mode=0x00000000, channelmask=0x00000000, channelorder=0, peakvolume=0.999969.
[LOG] SystemI::createSound                     : filename = ../Sounds/Candification_FMOD/Build/Desktop/Master.bank : mode 02010082
[LOG] SystemI::createSound                     : FMOD_NONBLOCKING specified.  Putting into queue to be opened asynchronously!
[LOG] SystemI::createSound                     : setdata soundi = 000001392FA22058 : node = 000001388D6F2740
[LOG] SystemI::createSound                     : add node to async list : head = 000001367539F178.  list count = 0
[LOG] AsyncThread::threadFunc                  : Starting Asynchronous operation on sound 000001392FA22058
[LOG] SystemI::createSoundInternal             :     Create name='../Sounds/Candification_FMOD/Build/Desktop/Master.bank', mode=0x02010082
[LOG] SystemI::createSoundInternal             :     exinfo->cbsize             = 224
[LOG] SystemI::createSoundInternal             :     exinfo->length             = 7146560
[LOG] SystemI::createSoundInternal             :     exinfo->fileoffset         = 101440
[LOG] SystemI::createSoundInternal             :     exinfo->numsubsounds       = 1
[LOG] SystemI::createSoundInternal             :     exinfo->inclusionlist      = 000001388D6F2850
[LOG] SystemI::createSoundInternal             :     exinfo->inclusionlistnum   = 1
[LOG] SystemI::createSoundInternal             :     exinfo->suggestedsoundtype = 5
[LOG] SystemI::createSoundInternal             :     exinfo->initialseekpostype = 1
[LOG] SystemI::createSoundInternal             :     Stream 0/1: name='mainfloor', format=5, channels=2, frequency=48000, lengthbytes=1338624, lengthpcm=6278400, pcmblocksize=0, loopstart=0, loopend=0, mode=0x00000000, channelmask=0x00000000, channelorder=0, peakvolume=0.421283.
[LOG] AsyncThread::threadFunc                  : Finished Asynchronous operation on sound 000001392FA22058
[LOG] AsyncThread::threadFunc                  : Starting Asynchronous operation on sound 000001392FA1E8A8
[LOG] AsyncThread::threadFunc                  : Finished Asynchronous operation on sound 000001392FA1E8A8
[LOG] SoundI::release                          : mainfloor (000001392F83FE68)
[LOG] SoundI::release                          :     mainfloor (000001386A4CBD18)
[LOG] SoundI::release                          :     mainfloor (000001392F83C6B8)
[LOG] SystemI::createSoundInternal             : Create name='', mode=0x02000202
[LOG] SystemI::createSoundInternal             : exinfo->cbsize             = 224
[LOG] SystemI::createSoundInternal             : exinfo->length             = 7146560
[LOG] SystemI::createSoundInternal             : exinfo->fileoffset         = 101440
[LOG] SystemI::createSoundInternal             : exinfo->numsubsounds       = 1
[LOG] SystemI::createSoundInternal             : exinfo->inclusionlist      = 00000002108FF4B8
[LOG] SystemI::createSoundInternal             : exinfo->inclusionlistnum   = 1
[LOG] SystemI::createSoundInternal             : exinfo->suggestedsoundtype = 5
[LOG] SystemI::createSoundInternal             : exinfo->useropen           = 00007FF9C02746D0
[LOG] SystemI::createSoundInternal             : exinfo->userclose          = 00007FF9C02746A0
[LOG] SystemI::createSoundInternal             : exinfo->userread           = 00007FF9C02747A0
[LOG] SystemI::createSoundInternal             : exinfo->userseek           = 00007FF9C0274860
[LOG] SystemI::createSoundInternal             : exinfo->fileuserdata       = 0000013675B2E518
[LOG] SystemI::createSoundInternal             : exinfo->initialseekpostype = 1
[LOG] SystemI::DSPCodecPoolRegister            : register codec pool for pool type 5
[LOG] SystemI::createSoundInternal             : Sample 0/1: name='Glass Break', format=5, channels=1, frequency=48000, lengthbytes=8896, lengthpcm=41474, pcmblocksize=0, loopstart=0, loopend=0, mode=0x00000000, channelmask=0x00000000, channelorder=0, peakvolume=0.993622.
[LOG] SystemI::createSoundInternal             : Create name='', mode=0x02000202
[LOG] SystemI::createSoundInternal             : exinfo->cbsize             = 224
[LOG] SystemI::createSoundInternal             : exinfo->length             = 7146560
[LOG] SystemI::createSoundInternal             : exinfo->fileoffset         = 101440
[LOG] SystemI::createSoundInternal             : exinfo->numsubsounds       = 1
[LOG] SystemI::createSoundInternal             : exinfo->inclusionlist      = 00000002108FF4B8
[LOG] SystemI::createSoundInternal             : exinfo->inclusionlistnum   = 1
[LOG] SystemI::createSoundInternal             : exinfo->suggestedsoundtype = 5
[LOG] SystemI::createSoundInternal             : exinfo->useropen           = 00007FF9C02746D0
[LOG] SystemI::createSoundInternal             : exinfo->userclose          = 00007FF9C02746A0
[LOG] SystemI::createSoundInternal             : exinfo->userread           = 00007FF9C02747A0
[LOG] SystemI::createSoundInternal             : exinfo->userseek           = 00007FF9C0274860
[LOG] SystemI::createSoundInternal             : exinfo->fileuserdata       = 0000013675B2E308
[LOG] SystemI::createSoundInternal             : exinfo->initialseekpostype = 1
[LOG] SystemI::DSPCodecPoolRegister            : register codec pool for pool type 5
[LOG] SystemI::createSoundInternal             : Sample 0/1: name='Pillar', format=5, channels=2, frequency=48000, lengthbytes=6400, lengthpcm=25164, pcmblocksize=0, loopstart=0, loopend=0, mode=0x00000000, channelmask=0x00000000, channelorder=0, peakvolume=0.320770.
[LOG] SystemI::createSound                     : filename = ../Sounds/Candification_FMOD/Build/Desktop/Master.bank : mode 02010082
[LOG] SystemI::createSound                     : FMOD_NONBLOCKING specified.  Putting into queue to be opened asynchronously!
[LOG] SystemI::createSound                     : setdata soundi = 000001388D6EC418 : node = 000001386B980EF0
[LOG] SystemI::createSound                     : add node to async list : head = 000001367539F178.  list count = 0
[LOG] AsyncThread::threadFunc                  : Starting Asynchronous operation on sound 000001388D6EC418
[LOG] SystemI::createSoundInternal             :     Create name='../Sounds/Candification_FMOD/Build/Desktop/Master.bank', mode=0x02010082
[LOG] SystemI::createSoundInternal             :     exinfo->cbsize             = 224
[LOG] SystemI::createSoundInternal             :     exinfo->length             = 7146560
[LOG] SystemI::createSoundInternal             :     exinfo->fileoffset         = 101440
[LOG] SystemI::createSoundInternal             :     exinfo->numsubsounds       = 1
[LOG] SystemI::createSoundInternal             :     exinfo->inclusionlist      = 000001386B981000
[LOG] SystemI::createSoundInternal             :     exinfo->inclusionlistnum   = 1
[LOG] SystemI::createSoundInternal             :     exinfo->suggestedsoundtype = 5
[LOG] SystemI::createSoundInternal             :     exinfo->initialseekpostype = 1
[LOG] SystemI::createSoundInternal             :     Stream 0/1: name='mainfloor', format=5, channels=2, frequency=48000, lengthbytes=1338624, lengthpcm=6278400, pcmblocksize=0, loopstart=0, loopend=0, mode=0x00000000, channelmask=0x00000000, channelorder=0, peakvolume=0.421283.
[LOG] AsyncThread::threadFunc                  : Finished Asynchronous operation on sound 000001388D6EC418
[LOG] AsyncThread::threadFunc                  : Starting Asynchronous operation on sound 000001388D6EB188
[LOG] AsyncThread::threadFunc                  : Finished Asynchronous operation on sound 000001388D6EB188
[LOG] SoundI::release                          : mainfloor (000001392FA22058)
[LOG] SoundI::release                          :     mainfloor (000001386A4CD8B8)
[LOG] SoundI::release                          :     mainfloor (000001392FA1E8A8)
[LOG] SoundI::release                          :  (000001386ABAF928)
[LOG] SoundI::release                          :     Flower Placed (000001386A4C8918)
[LOG] SoundI::release                          :  (0000013966F57678)
[LOG] SoundI::release                          :     Locked Door 1 (000001386A4CB4F8)
[LOG] SoundI::release                          :  (0000013966F57958)
[LOG] SoundI::release                          :     Locked Door 2 (000001386A4CB698)
[LOG] SoundI::release                          :  (0000013966F57DA8)
[LOG] SoundI::release                          :     Blow Out (000001386A4CB9D8)
[LOG] SoundI::release                          :  (0000013966F577E8)
[LOG] SoundI::release                          :     Lever (000001386A4CBB78)
[LOG] SoundI::release                          :  (000001386A470498)
[LOG] SoundI::release                          :     Glass Break (000001386A4C63B8)
[LOG] SoundI::release                          :  (000001386ABAF7B8)
[LOG] SoundI::release                          :     Door Opening (000001386A4CACD8)
[LOG] SoundI::release                          :  (0000013966F57398)
[LOG] SoundI::release                          :     Cupboard Door Opening (000001386A4CC538)
[LOG] SystemI::createSound                     : filename = ../Sounds/Candification_FMOD/Build/Desktop/Master.bank : mode 02010082
[LOG] SystemI::createSound                     : FMOD_NONBLOCKING specified.  Putting into queue to be opened asynchronously!
[LOG] SystemI::createSound                     : setdata soundi = 0000013A1EA6B338 : node = 000001388D6F2740
[LOG] SystemI::createSound                     : add node to async list : head = 000001367539F178.  list count = 0
[LOG] AsyncThread::threadFunc                  : Starting Asynchronous operation on sound 0000013A1EA6B338
[LOG] SystemI::createSoundInternal             :     Create name='../Sounds/Candification_FMOD/Build/Desktop/Master.bank', mode=0x02010082
[LOG] SystemI::createSoundInternal             :     exinfo->cbsize             = 224
[LOG] SystemI::createSoundInternal             :     exinfo->length             = 7146560
[LOG] SystemI::createSoundInternal             :     exinfo->fileoffset         = 101440
[LOG] SystemI::createSoundInternal             :     exinfo->numsubsounds       = 1
[LOG] SystemI::createSoundInternal             :     exinfo->inclusionlist      = 000001388D6F2850
[LOG] SystemI::createSoundInternal             :     exinfo->inclusionlistnum   = 1
[LOG] SystemI::createSoundInternal             :     exinfo->suggestedsoundtype = 5
[LOG] SystemI::createSoundInternal             :     exinfo->initialseekpostype = 1
[LOG] SystemI::createSoundInternal             :     Create name='', mode=0x02000202
[LOG] SystemI::createSoundInternal             :     exinfo->cbsize             = 224
[LOG] SystemI::createSoundInternal             :     exinfo->length             = 7146560
[LOG] SystemI::createSoundInternal             :     exinfo->fileoffset         = 101440
[LOG] SystemI::createSoundInternal             :     exinfo->numsubsounds       = 1
[LOG] SystemI::createSoundInternal             :     exinfo->inclusionlist      = 00000002108FF4B8
[LOG] SystemI::createSoundInternal             :     exinfo->inclusionlistnum   = 1
[LOG] SystemI::createSoundInternal             :     exinfo->suggestedsoundtype = 5
[LOG] SystemI::createSoundInternal             :     exinfo->useropen           = 00007FF9C02746D0
[LOG] SystemI::createSoundInternal             :     Stream 0/1: name='lower floor', format=5, channels=2, frequency=48000, lengthbytes=2049248, lengthpcm=8734678, pcmblocksize=0, loopstart=0, loopend=0, mode=0x00000000, channelmask=0x00000000, channelorder=0, peakvolume=0.614668.
[LOG] SystemI::createSoundInternal             :     exinfo->userclose          = 00007FF9C02746A0
[LOG] SystemI::createSoundInternal             :     exinfo->userread           = 00007FF9C02747A0
[LOG] SystemI::createSoundInternal             :     exinfo->userseek           = 00007FF9C0274860
[LOG] SystemI::createSoundInternal             :     exinfo->fileuserdata       = 00000138668562B8
[LOG] SystemI::createSoundInternal             :     exinfo->initialseekpostype = 1
[LOG] SystemI::DSPCodecPoolRegister            :     register codec pool for pool type 5
[LOG] SystemI::createSoundInternal             :     Sample 0/1: name='Chain', format=5, channels=2, frequency=48000, lengthbytes=119232, lengthpcm=389533, pcmblocksize=0, loopstart=0, loopend=0, mode=0x00000000, channelmask=0x00000000, channelorder=0, peakvolume=0.456970.
[LOG] SystemI::createSoundInternal             :     Create name='', mode=0x02000202
[LOG] SystemI::createSoundInternal             :     exinfo->cbsize             = 224
[LOG] SystemI::createSoundInternal             :     exinfo->length             = 7146560
[LOG] SystemI::createSoundInternal             :     exinfo->fileoffset         = 101440
[LOG] SystemI::createSoundInternal             :     exinfo->numsubsounds       = 1
[LOG] SystemI::createSoundInternal             :     exinfo->inclusionlist      = 00000002108FF4B8
[LOG] SystemI::createSoundInternal             :     exinfo->inclusionlistnum   = 1
[LOG] SystemI::createSoundInternal             :     exinfo->suggestedsoundtype = 5
[LOG] SystemI::createSoundInternal             :     exinfo->useropen           = 00007FF9C02746D0
[LOG] SystemI::createSoundInternal             :     exinfo->userclose          = 00007FF9C02746A0
[LOG] SystemI::createSoundInternal             :     exinfo->userread           = 00007FF9C02747A0
[LOG] SystemI::createSoundInternal             :     exinfo->userseek           = 00007FF9C0274860
[LOG] SystemI::createSoundInternal             :     exinfo->fileuserdata       = 00000138668562B8
[LOG] SystemI::createSoundInternal             :     exinfo->initialseekpostype = 1
[LOG] SystemI::DSPCodecPoolRegister            :     register codec pool for pool type 5
[LOG] SystemI::createSoundInternal             :     Sample 0/1: name='Metal Screech', format=5, channels=2, frequency=48000, lengthbytes=63040, lengthpcm=250414, pcmblocksize=0, loopstart=0, loopend=0, mode=0x00000000, channelmask=0x00000000, channelorder=0, peakvolume=0.258606.
[LOG] AsyncThread::threadFunc                  : Finished Asynchronous operation on sound 0000013A1EA6B338
[LOG] SoundI::release                          :  (000001386A471018)
[LOG] SoundI::release                          :     Shelf Opening (000001386A4CD578)
[LOG] SoundI::release                          :  (0000013966F57508)
[LOG] SoundI::release                          :     Cupboard Door Closing (000001386A4C73F8)
[LOG] SoundI::release                          :  (000001386A470EA8)
[LOG] SoundI::release                          :     Shelf Closing (000001386A4CCA18)
[LOG] SoundI::release                          :  (0000013675B38178)
[LOG] SoundI::release                          :     Journal Sheet (000001388D261278)
[LOG] SoundI::release                          :  (000001386ABAF368)
[LOG] SoundI::release                          :     Key Pickup (000001386A4C9AF8)
[LOG] SoundI::release                          :  (000001386ABAF1F8)
[LOG] SoundI::release                          :     3039_SND_Discovery (000001386A4C9958)
[LOG] SoundI::release                          :  (0000013675B38008)
[LOG] SoundI::release                          :     Pillar 1 (000001388D262458)
[LOG] SoundI::release                          :  (0000013675B37E98)
[LOG] SoundI::release                          :     Pillar 2 (000001388D2610D8)
[LOG] SoundI::release                          :  (0000013675B38458)
[LOG] SoundI::release                          :     Pillar 3 (000001388D260098)
[LOG] SoundI::release                          :  (0000013675B382E8)
[LOG] SoundI::release                          :     Pillar 4 (000001388D262118)
[LOG] SoundI::release                          :  (0000013966DD4BF8)
[LOG] SoundI::release                          :     Fountain Hit 1 (000001386A4C6218)
[LOG] SoundI::release                          :  (0000013966DD4918)
[LOG] SoundI::release                          :     Fountain Hit 2 (000001386A4CAE78)
[LOG] SoundI::release                          :  (0000013966DD41E8)
[LOG] SoundI::release                          :     Fountain Hit 3 (000001386A4C7DB8)
[LOG] SoundI::release                          :  (0000013966DD4078)
[LOG] SoundI::release                          :     Fountain Hit 4 (000001386A4C8AB8)
[LOG] SoundI::release                          :  (0000013966DD4358)
[LOG] SoundI::release                          :     Fountain Hit 5 (000001386A4CB018)
[LOG] SoundI::release                          :  (000001386ABAF088)
[LOG] SoundI::release                          :     Archway Hit 1 (000001386A4C9138)
[LOG] SoundI::release                          :  (000001386ABAF4D8)
[LOG] SoundI::release                          :     Archway Hit 2 (000001386A4C6898)
[LOG] SoundI::release                          :  (000001386ABAFA98)
[LOG] SoundI::release                          :     Archway Hit 3 (000001386A4C7598)
[LOG] SoundI::release                          :  (000001386ABAFC08)
[LOG] SoundI::release                          :     Archway Hit 4 (000001386A4C78D8)
[LOG] SoundI::release                          :  (0000013966DD47A8)
[LOG] SoundI::release                          :     Archway Hit 5 (000001386A4C92D8)
[LOG] SoundI::release                          :  (0000013966DD44C8)
[LOG] SoundI::release                          :     Book Hit 1 (000001386A4C7F58)
[LOG] SoundI::release                          :  (0000013966DD4A88)
[LOG] SoundI::release                          :     Book Hit 2 (000001386A4C80F8)
[LOG] SoundI::release                          :  (0000013966DD4638)
[LOG] SoundI::release                          :     Book Hit 3 (000001386A4C66F8)
[LOG] SoundI::release                          :  (0000013966F570B8)
[LOG] SoundI::release                          :     Book Slide 1 (000001386A4CC6D8)
[LOG] SoundI::release                          :  (0000013966F57AC8)
[LOG] SoundI::release                          :     Book Slide 2 (000001386A4C6A38)
[LOG] SoundI::release                          :  (000001386A470A58)
[LOG] SoundI::release                          :     Pillar (000001386A4C6D78)
[LOG] SoundI::release                          :  (000001386A470D38)
[LOG] SoundI::release                          :     Soft Hit 1 (000001386A4CDBF8)
[LOG] SoundI::release                          :  (000001386A470328)
[LOG] SoundI::release                          :     Soft Hit 2 (000001386A4CD238)
[LOG] SoundI::release                          :  (0000013966F57228)
[LOG] SoundI::release                          :     Table Hit 2 (000001386A4C9E38)
[LOG] SoundI::release                          :  (0000013966DD4D68)
[LOG] SoundI::release                          :     Table Hit 3 (000001386A4C9478)
[LOG] SoundI::release                          :  (0000013966F57C38)
[LOG] SoundI::release                          :     Table Hit (000001386A4C6558)
[LOG] SoundI::release                          :  (000001386AA84AA8)
[LOG] SoundI::release                          :     Wood Hit 2 (0000013866598ED8)
[LOG] SoundI::release                          :  (000001386ABAF648)
[LOG] SoundI::release                          :     Wood Hit (000001386A4C8438)
[LOG] SoundI::release                          :  (000001386AA84098)
[LOG] SoundI::release                          :     Statue Hit 1 (000001388D262AD8)
[LOG] SoundI::release                          :  (000001386AA84C18)
[LOG] SoundI::release                          :     Statue Hit 2 (000001388D2603D8)
[LOG] SoundI::release                          :  (000001386AA84208)
[LOG] SoundI::release                          :     Statue Hit 3 (000001388D263CB8)
[LOG] SoundI::release                          :  (000001386AA84938)
[LOG] SoundI::release                          :     Statue Hit 4 (000001388D262798)
[LOG] SoundI::release                          :  (000001386AA84D88)
[LOG] SoundI::release                          :     Statue Hit 5 (000001388D260F38)
[LOG] SoundI::release                          :  (000001386AA84378)
[LOG] SoundI::release                          :     Statue Hit 6 (000001388D263158)
[LOG] SoundI::release                          :  (000001386AA844E8)
[LOG] SoundI::release                          :     Wall 1 (000001388D263B18)
[LOG] SoundI::release                          :  (000001386AA847C8)
[LOG] SoundI::release                          :     Wall 3 (000001386659B298)
[LOG] SoundI::release                          :  (000001386AA84658)
[LOG] SoundI::release                          :     Wall 4 (000001386659BF98)
[LOG] SoundI::release                          :  (0000013675B388A8)
[LOG] SoundI::release                          :     Wind (0000013967287AE8)
[LOG] SoundI::release                          :  (0000013675B38738)
[LOG] SoundI::release                          :     Ambient Candy 1 (0000013967289EA8)
[LOG] SoundI::release                          : mainfloor (000001388D6EC418)
[LOG] SoundI::release                          :     mainfloor (000001386A4CD098)
[LOG] SoundI::release                          :     mainfloor (000001388D6EB188)
[LOG] SystemI::createSoundInternal             : Create name='', mode=0x02000202
[LOG] SystemI::createSoundInternal             : exinfo->cbsize             = 224
[LOG] SystemI::createSoundInternal             : exinfo->length             = 7146560
[LOG] SystemI::createSoundInternal             : exinfo->fileoffset         = 101440
[LOG] SystemI::createSoundInternal             : exinfo->numsubsounds       = 1
[LOG] SystemI::createSoundInternal             : exinfo->inclusionlist      = 00000002108FF4B8
[LOG] SystemI::createSoundInternal             : exinfo->inclusionlistnum   = 1
[LOG] SystemI::createSoundInternal             : exinfo->suggestedsoundtype = 5
[LOG] SystemI::createSoundInternal             : exinfo->useropen           = 00007FF9C02746D0
[LOG] SystemI::createSoundInternal             : exinfo->userclose          = 00007FF9C02746A0
[LOG] SystemI::createSoundInternal             : exinfo->userread           = 00007FF9C02747A0
[LOG] SystemI::createSoundInternal             : exinfo->userseek           = 00007FF9C0274860
[LOG] SystemI::createSoundInternal             : exinfo->fileuserdata       = 0000013A1F6898F8
[LOG] SystemI::createSoundInternal             : exinfo->initialseekpostype = 1
[LOG] SystemI::DSPCodecPoolRegister            : register codec pool for pool type 5
[LOG] SystemI::createSoundInternal             : Sample 0/1: name='Journal Sheet', format=5, channels=2, frequency=48000, lengthbytes=12416, lengthpcm=92303, pcmblocksize=0, loopstart=0, loopend=0, mode=0x00000000, channelmask=0x00000000, channelorder=0, peakvolume=0.109283.
[LOG] SystemI::createSoundInternal             : Create name='', mode=0x02000202
[LOG] SystemI::createSoundInternal             : exinfo->cbsize             = 224
[LOG] SystemI::createSoundInternal             : exinfo->length             = 7146560
[LOG] SystemI::createSoundInternal             : exinfo->fileoffset         = 101440
[LOG] SystemI::createSoundInternal             : exinfo->numsubsounds       = 1
[LOG] SystemI::createSoundInternal             : exinfo->inclusionlist      = 00000002108FF4B8
[LOG] SystemI::createSoundInternal             : exinfo->inclusionlistnum   = 1
[LOG] SystemI::createSoundInternal             : exinfo->suggestedsoundtype = 5
[LOG] SystemI::createSoundInternal             : exinfo->useropen           = 00007FF9C02746D0
[LOG] SystemI::createSoundInternal             : exinfo->userclose          = 00007FF9C02746A0
[LOG] SystemI::createSoundInternal             : exinfo->userread           = 00007FF9C02747A0
[LOG] SystemI::createSoundInternal             : exinfo->userseek           = 00007FF9C0274860
[LOG] SystemI::createSoundInternal             : exinfo->fileuserdata       = 0000013A1F688668
[LOG] SystemI::createSoundInternal             : exinfo->initialseekpostype = 1
[LOG] SystemI::DSPCodecPoolRegister            : register codec pool for pool type 5
[LOG] SystemI::createSoundInternal             : Sample 0/1: name='Table Hit 3', format=5, channels=2, frequency=48000, lengthbytes=5280, lengthpcm=20975, pcmblocksize=0, loopstart=0, loopend=0, mode=0x00000000, channelmask=0x00000000, channelorder=0, peakvolume=0.267181.
[LOG] SystemI::createSoundInternal             : Create name='', mode=0x02000202
[LOG] SystemI::createSoundInternal             : exinfo->cbsize             = 224
[LOG] SystemI::createSoundInternal             : exinfo->length             = 7146560
[LOG] SystemI::createSoundInternal             : exinfo->fileoffset         = 101440
[LOG] SystemI::createSoundInternal             : exinfo->numsubsounds       = 1
[LOG] SystemI::createSoundInternal             : exinfo->inclusionlist      = 00000002108FF4B8
[LOG] SystemI::createSoundInternal             : exinfo->inclusionlistnum   = 1
[LOG] SystemI::createSoundInternal             : exinfo->suggestedsoundtype = 5
[LOG] SystemI::createSoundInternal             : exinfo->useropen           = 00007FF9C02746D0
[LOG] SystemI::createSoundInternal             : exinfo->userclose          = 00007FF9C02746A0
[LOG] SystemI::createSoundInternal             : exinfo->userread           = 00007FF9C02747A0
[LOG] SystemI::createSoundInternal             : exinfo->userseek           = 00007FF9C0274860
[LOG] SystemI::createSoundInternal             : exinfo->fileuserdata       = 0000013A1F688668
[LOG] SystemI::createSoundInternal             : exinfo->initialseekpostype = 1
[LOG] SystemI::DSPCodecPoolRegister            : register codec pool for pool type 5
[LOG] SystemI::createSoundInternal             : Sample 0/1: name='Table Hit 2', format=5, channels=2, frequency=48000, lengthbytes=5504, lengthpcm=21333, pcmblocksize=0, loopstart=0, loopend=0, mode=0x00000000, channelmask=0x00000000, channelorder=0, peakvolume=0.806122.
[LOG] SystemI::createSoundInternal             : Create name='', mode=0x02000202
[LOG] SystemI::createSoundInternal             : exinfo->cbsize             = 224
[LOG] SystemI::createSoundInternal             : exinfo->length             = 7146560
[LOG] SystemI::createSoundInternal             : exinfo->fileoffset         = 101440
[LOG] SystemI::createSoundInternal             : exinfo->numsubsounds       = 1
[LOG] SystemI::createSoundInternal             : exinfo->inclusionlist      = 00000002108FF4B8
[LOG] SystemI::createSoundInternal             : exinfo->inclusionlistnum   = 1
[LOG] SystemI::createSoundInternal             : exinfo->suggestedsoundtype = 5
[LOG] SystemI::createSoundInternal             : exinfo->useropen           = 00007FF9C02746D0
[LOG] SystemI::createSoundInternal             : exinfo->userclose          = 00007FF9C02746A0
[LOG] SystemI::createSoundInternal             : exinfo->userread           = 00007FF9C02747A0
[LOG] SystemI::createSoundInternal             : exinfo->userseek           = 00007FF9C0274860
[LOG] SystemI::createSoundInternal             : exinfo->fileuserdata       = 0000013A1F688668
[LOG] SystemI::createSoundInternal             : exinfo->initialseekpostype = 1
[LOG] SystemI::DSPCodecPoolRegister            : register codec pool for pool type 5
[LOG] SystemI::createSoundInternal             : Sample 0/1: name='Table Hit', format=5, channels=2, frequency=48000, lengthbytes=5984, lengthpcm=21333, pcmblocksize=0, loopstart=0, loopend=0, mode=0x00000000, channelmask=0x00000000, channelorder=0, peakvolume=0.352417.
[LOG] SystemI::createSoundInternal             : Create name='', mode=0x02000202
[LOG] SystemI::createSoundInternal             : exinfo->cbsize             = 224
[LOG] SystemI::createSoundInternal             : exinfo->length             = 7146560
[LOG] SystemI::createSoundInternal             : exinfo->fileoffset         = 101440
[LOG] SystemI::createSoundInternal             : exinfo->numsubsounds       = 1
[LOG] SystemI::createSoundInternal             : exinfo->inclusionlist      = 00000002108FF4B8
[LOG] SystemI::createSoundInternal             : exinfo->inclusionlistnum   = 1
[LOG] SystemI::createSoundInternal             : exinfo->suggestedsoundtype = 5
[LOG] SystemI::createSoundInternal             : exinfo->useropen           = 00007FF9C02746D0
[LOG] SystemI::createSoundInternal             : exinfo->userclose          = 00007FF9C02746A0
[LOG] SystemI::createSoundInternal             : exinfo->userread           = 00007FF9C02747A0
[LOG] SystemI::createSoundInternal             : exinfo->userseek           = 00007FF9C0274860
[LOG] SystemI::createSoundInternal             : exinfo->fileuserdata       = 0000013A1F688668
[LOG] SystemI::createSoundInternal             : exinfo->initialseekpostype = 1
[LOG] SystemI::DSPCodecPoolRegister            : register codec pool for pool type 5
[LOG] SystemI::createSoundInternal             : Sample 0/1: name='Bowl Tap 1', format=5, channels=2, frequency=48000, lengthbytes=5312, lengthpcm=17738, pcmblocksize=0, loopstart=0, loopend=0, mode=0x00000000, channelmask=0x00000000, channelorder=0, peakvolume=0.670166.
[LOG] SystemI::createSoundInternal             : Create name='', mode=0x02000202
[LOG] SystemI::createSoundInternal             : exinfo->cbsize             = 224
[LOG] SystemI::createSoundInternal             : exinfo->length             = 7146560
[LOG] SystemI::createSoundInternal             : exinfo->fileoffset         = 101440
[LOG] SystemI::createSoundInternal             : exinfo->numsubsounds       = 1
[LOG] SystemI::createSoundInternal             : exinfo->inclusionlist      = 00000002108FF4B8
[LOG] SystemI::createSoundInternal             : exinfo->inclusionlistnum   = 1
[LOG] SystemI::createSoundInternal             : exinfo->suggestedsoundtype = 5
[LOG] SystemI::createSoundInternal             : exinfo->useropen           = 00007FF9C02746D0
[LOG] SystemI::createSoundInternal             : exinfo->userclose          = 00007FF9C02746A0
[LOG] SystemI::createSoundInternal             : exinfo->userread           = 00007FF9C02747A0
[LOG] SystemI::createSoundInternal             : exinfo->userseek           = 00007FF9C0274860
[LOG] SystemI::createSoundInternal             : exinfo->fileuserdata       = 0000013A1F688668
[LOG] SystemI::createSoundInternal             : exinfo->initialseekpostype = 1
[LOG] SystemI::DSPCodecPoolRegister            : register codec pool for pool type 5
[LOG] SystemI::createSoundInternal             : Sample 0/1: name='Bowl Tap 2', format=5, channels=2, frequency=48000, lengthbytes=5312, lengthpcm=17738, pcmblocksize=0, loopstart=0, loopend=0, mode=0x00000000, channelmask=0x00000000, channelorder=0, peakvolume=0.692902.
[LOG] SystemI::createSoundInternal             : Create name='', mode=0x02000202
[LOG] SystemI::createSoundInternal             : exinfo->cbsize             = 224
[LOG] SystemI::createSoundInternal             : exinfo->length             = 7146560
[LOG] SystemI::createSoundInternal             : exinfo->fileoffset         = 101440
[LOG] SystemI::createSoundInternal             : exinfo->numsubsounds       = 1
[LOG] SystemI::createSoundInternal             : exinfo->inclusionlist      = 00000002108FF4B8
[LOG] SystemI::createSoundInternal             : exinfo->inclusionlistnum   = 1
[LOG] SystemI::createSoundInternal             : exinfo->suggestedsoundtype = 5
[LOG] SystemI::createSoundInternal             : exinfo->useropen           = 00007FF9C02746D0
[LOG] SystemI::createSoundInternal             : exinfo->userclose          = 00007FF9C02746A0
[LOG] SystemI::createSoundInternal             : exinfo->userread           = 00007FF9C02747A0
[LOG] SystemI::createSoundInternal             : exinfo->userseek           = 00007FF9C0274860
[LOG] SystemI::createSoundInternal             : exinfo->fileuserdata       = 0000013A1F688878
[LOG] SystemI::createSoundInternal             : exinfo->initialseekpostype = 1
[LOG] SystemI::DSPCodecPoolRegister            : register codec pool for pool type 5
[LOG] SystemI::createSoundInternal             : Sample 0/1: name='Wood Hit 2', format=5, channels=2, frequency=48000, lengthbytes=5760, lengthpcm=21288, pcmblocksize=0, loopstart=0, loopend=0, mode=0x00000000, channelmask=0x00000000, channelorder=0, peakvolume=0.184906.
[LOG] SystemI::createSoundInternal             : Create name='', mode=0x02000202
[LOG] SystemI::createSoundInternal             : exinfo->cbsize             = 224
[LOG] SystemI::createSoundInternal             : exinfo->length             = 7146560
[LOG] SystemI::createSoundInternal             : exinfo->fileoffset         = 101440
[LOG] SystemI::createSoundInternal             : exinfo->numsubsounds       = 1
[LOG] SystemI::createSoundInternal             : exinfo->inclusionlist      = 00000002108FF4B8
[LOG] SystemI::createSoundInternal             : exinfo->inclusionlistnum   = 1
[LOG] SystemI::createSoundInternal             : exinfo->suggestedsoundtype = 5
[LOG] SystemI::createSoundInternal             : exinfo->useropen           = 00007FF9C02746D0
[LOG] SystemI::createSoundInternal             : exinfo->userclose          = 00007FF9C02746A0
[LOG] SystemI::createSoundInternal             : exinfo->userread           = 00007FF9C02747A0
[LOG] SystemI::createSoundInternal             : exinfo->userseek           = 00007FF9C0274860
[LOG] SystemI::createSoundInternal             : exinfo->fileuserdata       = 0000013A1F688878
[LOG] SystemI::createSoundInternal             : exinfo->initialseekpostype = 1
[LOG] SystemI::DSPCodecPoolRegister            : register codec pool for pool type 5
[LOG] SystemI::createSoundInternal             : Sample 0/1: name='Wood Hit', format=5, channels=2, frequency=48000, lengthbytes=5920, lengthpcm=21288, pcmblocksize=0, loopstart=0, loopend=0, mode=0x00000000, channelmask=0x00000000, channelorder=0, peakvolume=0.070831.
[LOG] SystemI::createSoundInternal             : Create name='', mode=0x02000202
[LOG] SystemI::createSoundInternal             : exinfo->cbsize             = 224
[LOG] SystemI::createSoundInternal             : exinfo->length             = 7146560
[LOG] SystemI::createSoundInternal             : exinfo->fileoffset         = 101440
[LOG] SystemI::createSoundInternal             : exinfo->numsubsounds       = 1
[LOG] SystemI::createSoundInternal             : exinfo->inclusionlist      = 00000002108FF4B8
[LOG] SystemI::createSoundInternal             : exinfo->inclusionlistnum   = 1
[LOG] SystemI::createSoundInternal             : exinfo->suggestedsoundtype = 5
[LOG] SystemI::createSoundInternal             : exinfo->useropen           = 00007FF9C02746D0
[LOG] SystemI::createSoundInternal             : exinfo->userclose          = 00007FF9C02746A0
[LOG] SystemI::createSoundInternal             : exinfo->userread           = 00007FF9C02747A0
[LOG] SystemI::createSoundInternal             : exinfo->userseek           = 00007FF9C0274860
[LOG] SystemI::createSoundInternal             : exinfo->fileuserdata       = 0000013A1F688668
[LOG] SystemI::createSoundInternal             : exinfo->initialseekpostype = 1
[LOG] SystemI::DSPCodecPoolRegister            : register codec pool for pool type 5
[LOG] SystemI::createSoundInternal             : Sample 0/1: name='Place Bottle', format=5, channels=2, frequency=48000, lengthbytes=5504, lengthpcm=19520, pcmblocksize=0, loopstart=0, loopend=0, mode=0x00000000, channelmask=0x00000000, channelorder=0, peakvolume=0.982178.
[LOG] SystemI::createSoundInternal             : Create name='', mode=0x02000202
[LOG] SystemI::createSoundInternal             : exinfo->cbsize             = 224
[LOG] SystemI::createSoundInternal             : exinfo->length             = 7146560
[LOG] SystemI::createSoundInternal             : exinfo->fileoffset         = 101440
[LOG] SystemI::createSoundInternal             : exinfo->numsubsounds       = 1
[LOG] SystemI::createSoundInternal             : exinfo->inclusionlist      = 00000002108FF4B8
[LOG] SystemI::createSoundInternal             : exinfo->inclusionlistnum   = 1
[LOG] SystemI::createSoundInternal             : exinfo->suggestedsoundtype = 5
[LOG] SystemI::createSoundInternal             : exinfo->useropen           = 00007FF9C02746D0
[LOG] SystemI::createSoundInternal             : exinfo->userclose          = 00007FF9C02746A0
[LOG] SystemI::createSoundInternal             : exinfo->userread           = 00007FF9C02747A0
[LOG] SystemI::createSoundInternal             : exinfo->userseek           = 00007FF9C0274860
[LOG] SystemI::createSoundInternal             : exinfo->fileuserdata       = 0000013A1F688668
[LOG] SystemI::createSoundInternal             : exinfo->initialseekpostype = 1
[LOG] SystemI::DSPCodecPoolRegister            : register codec pool for pool type 5
[LOG] SystemI::createSoundInternal             : Sample 0/1: name='Slide Bottle', format=5, channels=2, frequency=48000, lengthbytes=6944, lengthpcm=25697, pcmblocksize=0, loopstart=0, loopend=0, mode=0x00000000, channelmask=0x00000000, channelorder=0, peakvolume=0.308197.
[LOG] SoundI::release                          :  (000001392F978978)
[LOG] SoundI::release                          :     Ambient Candy 2 (00000139672860E8)
[LOG] SystemI::createSoundInternal             : Create name='', mode=0x02000202
[LOG] SystemI::createSoundInternal             : exinfo->cbsize             = 224
[LOG] SystemI::createSoundInternal             : exinfo->length             = 7146560
[LOG] SystemI::createSoundInternal             : exinfo->fileoffset         = 101440
[LOG] SystemI::createSoundInternal             : exinfo->numsubsounds       = 1
[LOG] SystemI::createSoundInternal             : exinfo->inclusionlist      = 00000002108FF4B8
[LOG] SystemI::createSoundInternal             : exinfo->inclusionlistnum   = 1
[LOG] SystemI::createSoundInternal             : exinfo->suggestedsoundtype = 5
[LOG] SystemI::createSoundInternal             : exinfo->useropen           = 00007FF9C02746D0
[LOG] SystemI::createSoundInternal             : exinfo->userclose          = 00007FF9C02746A0
[LOG] SystemI::createSoundInternal             : exinfo->userread           = 00007FF9C02747A0
[LOG] SystemI::createSoundInternal             : exinfo->userseek           = 00007FF9C0274860
[LOG] SystemI::createSoundInternal             : exinfo->fileuserdata       = 0000013A1F688668
[LOG] SystemI::createSoundInternal             : exinfo->initialseekpostype = 1
[LOG] SystemI::DSPCodecPoolRegister            : register codec pool for pool type 5
[LOG] SystemI::createSoundInternal             : Sample 0/1: name='Mix Potion', format=5, channels=2, frequency=48000, lengthbytes=37440, lengthpcm=94601, pcmblocksize=0, loopstart=0, loopend=0, mode=0x00000000, channelmask=0x00000000, channelorder=0, peakvolume=0.475006.
[LOG] SystemI::createSoundInternal             : Create name='', mode=0x02000202
[LOG] SystemI::createSoundInternal             : exinfo->cbsize             = 224
[LOG] SystemI::createSoundInternal             : exinfo->length             = 7146560
[LOG] SystemI::createSoundInternal             : exinfo->fileoffset         = 101440
[LOG] SystemI::createSoundInternal             : exinfo->numsubsounds       = 1
[LOG] SystemI::createSoundInternal             : exinfo->inclusionlist      = 00000002108FF4B8
[LOG] SystemI::createSoundInternal             : exinfo->inclusionlistnum   = 1
[LOG] SystemI::createSoundInternal             : exinfo->suggestedsoundtype = 5
[LOG] SystemI::createSoundInternal             : exinfo->useropen           = 00007FF9C02746D0
[LOG] SystemI::createSoundInternal             : exinfo->userclose          = 00007FF9C02746A0
[LOG] SystemI::createSoundInternal             : exinfo->userread           = 00007FF9C02747A0
[LOG] SystemI::createSoundInternal             : exinfo->userseek           = 00007FF9C0274860
[LOG] SystemI::createSoundInternal             : exinfo->fileuserdata       = 0000013A1F688668
[LOG] SystemI::createSoundInternal             : exinfo->initialseekpostype = 1
[LOG] SystemI::DSPCodecPoolRegister            : register codec pool for pool type 5
[LOG] SystemI::createSoundInternal             : Sample 0/1: name='Barrel 2', format=5, channels=2, frequency=48000, lengthbytes=3296, lengthpcm=11598, pcmblocksize=0, loopstart=0, loopend=0, mode=0x00000000, channelmask=0x00000000, channelorder=0, peakvolume=0.785889.
[LOG] SystemI::createSoundInternal             : Create name='', mode=0x02000202
[LOG] SystemI::createSoundInternal             : exinfo->cbsize             = 224
[LOG] SystemI::createSoundInternal             : exinfo->length             = 7146560
[LOG] SystemI::createSoundInternal             : exinfo->fileoffset         = 101440
[LOG] SystemI::createSoundInternal             : exinfo->numsubsounds       = 1
[LOG] SystemI::createSoundInternal             : exinfo->inclusionlist      = 00000002108FF4B8
[LOG] SystemI::createSoundInternal             : exinfo->inclusionlistnum   = 1
[LOG] SystemI::createSoundInternal             : exinfo->suggestedsoundtype = 5
[LOG] SystemI::createSoundInternal             : exinfo->useropen           = 00007FF9C02746D0
[LOG] SystemI::createSoundInternal             : exinfo->userclose          = 00007FF9C02746A0
[LOG] SystemI::createSoundInternal             : exinfo->userread           = 00007FF9C02747A0
[LOG] SystemI::createSoundInternal             : exinfo->userseek           = 00007FF9C0274860
[LOG] SystemI::createSoundInternal             : exinfo->fileuserdata       = 0000013A1F688668
[LOG] SystemI::createSoundInternal             : exinfo->initialseekpostype = 1
[LOG] SystemI::DSPCodecPoolRegister            : register codec pool for pool type 5
[LOG] SystemI::createSoundInternal             : Sample 0/1: name='Barrel 3', format=5, channels=2, frequency=48000, lengthbytes=3456, lengthpcm=12097, pcmblocksize=0, loopstart=0, loopend=0, mode=0x00000000, channelmask=0x00000000, channelorder=0, peakvolume=0.978302.
[LOG] SystemI::createSoundInternal             : Create name='', mode=0x02000202
[LOG] SystemI::createSoundInternal             : exinfo->cbsize             = 224
[LOG] SystemI::createSoundInternal             : exinfo->length             = 7146560
[LOG] SystemI::createSoundInternal             : exinfo->fileoffset         = 101440
[LOG] SystemI::createSoundInternal             : exinfo->numsubsounds       = 1
[LOG] SystemI::createSoundInternal             : exinfo->inclusionlist      = 00000002108FF4B8
[LOG] SystemI::createSoundInternal             : exinfo->inclusionlistnum   = 1
[LOG] SystemI::createSoundInternal             : exinfo->suggestedsoundtype = 5
[LOG] SystemI::createSoundInternal             : exinfo->useropen           = 00007FF9C02746D0
[LOG] SystemI::createSoundInternal             : exinfo->userclose          = 00007FF9C02746A0
[LOG] SystemI::createSoundInternal             : exinfo->userread           = 00007FF9C02747A0
[LOG] SystemI::createSoundInternal             : exinfo->userseek           = 00007FF9C0274860
[LOG] SystemI::createSoundInternal             : exinfo->fileuserdata       = 0000013A1F688668
[LOG] SystemI::createSoundInternal             : exinfo->initialseekpostype = 1
[LOG] SystemI::DSPCodecPoolRegister            : register codec pool for pool type 5
[LOG] SystemI::createSoundInternal             : Sample 0/1: name='Barrel 1', format=5, channels=2, frequency=48000, lengthbytes=3936, lengthpcm=11723, pcmblocksize=0, loopstart=0, loopend=0, mode=0x00000000, channelmask=0x00000000, channelorder=0, peakvolume=0.481873.
[LOG] SystemI::createSoundInternal             : Create name='', mode=0x02000202
[LOG] SystemI::createSoundInternal             : exinfo->cbsize             = 224
[LOG] SystemI::createSoundInternal             : exinfo->length             = 7146560
[LOG] SystemI::createSoundInternal             : exinfo->fileoffset         = 101440
[LOG] SystemI::createSoundInternal             : exinfo->numsubsounds       = 1
[LOG] SystemI::createSoundInternal             : exinfo->inclusionlist      = 00000002108FF4B8
[LOG] SystemI::createSoundInternal             : exinfo->inclusionlistnum   = 1
[LOG] SystemI::createSoundInternal             : exinfo->suggestedsoundtype = 5
[LOG] SystemI::createSoundInternal             : exinfo->useropen           = 00007FF9C02746D0
[LOG] SystemI::createSoundInternal             : exinfo->userclose          = 00007FF9C02746A0
[LOG] SystemI::createSoundInternal             : exinfo->userread           = 00007FF9C02747A0
[LOG] SystemI::createSoundInternal             : exinfo->userseek           = 00007FF9C0274860
[LOG] SystemI::createSoundInternal             : exinfo->fileuserdata       = 0000013A1F688668
[LOG] SystemI::createSoundInternal             : exinfo->initialseekpostype = 1
[LOG] SystemI::DSPCodecPoolRegister            : register codec pool for pool type 5
[LOG] SystemI::createSoundInternal             : Sample 0/1: name='Barrel 4', format=5, channels=2, frequency=48000, lengthbytes=3840, lengthpcm=12097, pcmblocksize=0, loopstart=0, loopend=0, mode=0x00000000, channelmask=0x00000000, channelorder=0, peakvolume=0.999939.
[LOG] SystemI::createSoundInternal             : Create name='', mode=0x02000202
[LOG] SystemI::createSoundInternal             : exinfo->cbsize             = 224
[LOG] SystemI::createSoundInternal             : exinfo->length             = 7146560
[LOG] SystemI::createSoundInternal             : exinfo->fileoffset         = 101440
[LOG] SystemI::createSoundInternal             : exinfo->numsubsounds       = 1
[LOG] SystemI::createSoundInternal             : exinfo->inclusionlist      = 00000002108FF4B8
[LOG] SystemI::createSoundInternal             : exinfo->inclusionlistnum   = 1
[LOG] SystemI::createSoundInternal             : exinfo->suggestedsoundtype = 5
[LOG] SystemI::createSoundInternal             : exinfo->useropen           = 00007FF9C02746D0
[LOG] SystemI::createSoundInternal             : exinfo->userclose          = 00007FF9C02746A0
[LOG] SystemI::createSoundInternal             : exinfo->userread           = 00007FF9C02747A0
[LOG] SystemI::createSoundInternal             : exinfo->userseek           = 00007FF9C0274860
[LOG] SystemI::createSoundInternal             : exinfo->fileuserdata       = 0000013A1F689F28
[LOG] SystemI::createSoundInternal             : exinfo->initialseekpostype = 1
[LOG] SystemI::DSPCodecPoolRegister            : register codec pool for pool type 5
[LOG] SystemI::createSoundInternal             : Sample 0/1: name='Drink Potion', format=5, channels=2, frequency=48000, lengthbytes=31584, lengthpcm=115145, pcmblocksize=0, loopstart=0, loopend=0, mode=0x00000000, channelmask=0x00000000, channelorder=0, peakvolume=0.128204.
[LOG] SystemI::createSoundInternal             : Create name='', mode=0x02000202
[LOG] SystemI::createSoundInternal             : exinfo->cbsize             = 224
[LOG] SystemI::createSoundInternal             : exinfo->length             = 7146560
[LOG] SystemI::createSoundInternal             : exinfo->fileoffset         = 101440
[LOG] SystemI::createSoundInternal             : exinfo->numsubsounds       = 1
[LOG] SystemI::createSoundInternal             : exinfo->inclusionlist      = 00000002108FF4B8
[LOG] SystemI::createSoundInternal             : exinfo->inclusionlistnum   = 1
[LOG] SystemI::createSoundInternal             : exinfo->suggestedsoundtype = 5
[LOG] SystemI::createSoundInternal             : exinfo->useropen           = 00007FF9C02746D0
[LOG] SystemI::createSoundInternal             : exinfo->userclose          = 00007FF9C02746A0
[LOG] SystemI::createSoundInternal             : exinfo->userread           = 00007FF9C02747A0
[LOG] SystemI::createSoundInternal             : exinfo->userseek           = 00007FF9C0274860
[LOG] SystemI::createSoundInternal             : exinfo->fileuserdata       = 0000013A1F688EA8
[LOG] SystemI::createSoundInternal             : exinfo->initialseekpostype = 1
[LOG] SystemI::DSPCodecPoolRegister            : register codec pool for pool type 5
[LOG] SystemI::createSoundInternal             : Sample 0/1: name='Statue Hit 1', format=5, channels=2, frequency=48000, lengthbytes=2528, lengthpcm=7880, pcmblocksize=0, loopstart=0, loopend=0, mode=0x00000000, channelmask=0x00000000, channelorder=0, peakvolume=0.145142.
[LOG] SystemI::createSoundInternal             : Create name='', mode=0x02000202
[LOG] SystemI::createSoundInternal             : exinfo->cbsize             = 224
[LOG] SystemI::createSoundInternal             : exinfo->length             = 7146560
[LOG] SystemI::createSoundInternal             : exinfo->fileoffset         = 101440
[LOG] SystemI::createSoundInternal             : exinfo->numsubsounds       = 1
[LOG] SystemI::createSoundInternal             : exinfo->inclusionlist      = 00000002108FF4B8
[LOG] SystemI::createSoundInternal             : exinfo->inclusionlistnum   = 1
[LOG] SystemI::createSoundInternal             : exinfo->suggestedsoundtype = 5
[LOG] SystemI::createSoundInternal             : exinfo->useropen           = 00007FF9C02746D0
[LOG] SystemI::createSoundInternal             : exinfo->userclose          = 00007FF9C02746A0
[LOG] SystemI::createSoundInternal             : exinfo->userread           = 00007FF9C02747A0
[LOG] SystemI::createSoundInternal             : exinfo->userseek           = 00007FF9C0274860
[LOG] SystemI::createSoundInternal             : exinfo->fileuserdata       = 0000013A1F688EA8
[LOG] SystemI::createSoundInternal             : exinfo->initialseekpostype = 1
[LOG] SystemI::DSPCodecPoolRegister            : register codec pool for pool type 5
[LOG] SystemI::createSoundInternal             : Sample 0/1: name='Statue Hit 4', format=5, channels=2, frequency=48000, lengthbytes=2400, lengthpcm=7880, pcmblocksize=0, loopstart=0, loopend=0, mode=0x00000000, channelmask=0x00000000, channelorder=0, peakvolume=0.228821.
[LOG] SystemI::createSoundInternal             : Create name='', mode=0x02000202
[LOG] SystemI::createSoundInternal             : exinfo->cbsize             = 224
[LOG] SystemI::createSoundInternal             : exinfo->length             = 7146560
[LOG] SystemI::createSoundInternal             : exinfo->fileoffset         = 101440
[LOG] SystemI::createSoundInternal             : exinfo->numsubsounds       = 1
[LOG] SystemI::createSoundInternal             : exinfo->inclusionlist      = 00000002108FF4B8
[LOG] SystemI::createSoundInternal             : exinfo->inclusionlistnum   = 1
[LOG] SystemI::createSoundInternal             : exinfo->suggestedsoundtype = 5
[LOG] SystemI::createSoundInternal             : exinfo->useropen           = 00007FF9C02746D0
[LOG] SystemI::createSoundInternal             : exinfo->userclose          = 00007FF9C02746A0
[LOG] SystemI::createSoundInternal             : exinfo->userread           = 00007FF9C02747A0
[LOG] SystemI::createSoundInternal             : exinfo->userseek           = 00007FF9C0274860
[LOG] SystemI::createSoundInternal             : exinfo->fileuserdata       = 0000013A1F688EA8
[LOG] SystemI::createSoundInternal             : exinfo->initialseekpostype = 1
[LOG] SystemI::DSPCodecPoolRegister            : register codec pool for pool type 5
[LOG] SystemI::createSoundInternal             : Sample 0/1: name='Statue Hit 2', format=5, channels=2, frequency=48000, lengthbytes=2368, lengthpcm=7880, pcmblocksize=0, loopstart=0, loopend=0, mode=0x00000000, channelmask=0x00000000, channelorder=0, peakvolume=0.145447.
[LOG] SystemI::createSoundInternal             : Create name='', mode=0x02000202
[LOG] SystemI::createSoundInternal             : exinfo->cbsize             = 224
[LOG] SystemI::createSoundInternal             : exinfo->length             = 7146560
[LOG] SystemI::createSoundInternal             : exinfo->fileoffset         = 101440
[LOG] SystemI::createSoundInternal             : exinfo->numsubsounds       = 1
[LOG] SystemI::createSoundInternal             : exinfo->inclusionlist      = 00000002108FF4B8
[LOG] SystemI::createSoundInternal             : exinfo->inclusionlistnum   = 1
[LOG] SystemI::createSoundInternal             : exinfo->suggestedsoundtype = 5
[LOG] SystemI::createSoundInternal             : exinfo->useropen           = 00007FF9C02746D0
[LOG] SystemI::createSoundInternal             : exinfo->userclose          = 00007FF9C02746A0
[LOG] SystemI::createSoundInternal             : exinfo->userread           = 00007FF9C02747A0
[LOG] SystemI::createSoundInternal             : exinfo->userseek           = 00007FF9C0274860
[LOG] SystemI::createSoundInternal             : exinfo->fileuserdata       = 0000013A1F688EA8
[LOG] SystemI::createSoundInternal             : exinfo->initialseekpostype = 1
[LOG] SystemI::DSPCodecPoolRegister            : register codec pool for pool type 5
[LOG] SystemI::createSoundInternal             : Sample 0/1: name='Statue Hit 5', format=5, channels=2, frequency=48000, lengthbytes=2336, lengthpcm=7880, pcmblocksize=0, loopstart=0, loopend=0, mode=0x00000000, channelmask=0x00000000, channelorder=0, peakvolume=0.138428.
[LOG] SystemI::createSoundInternal             : Create name='', mode=0x02000202
[LOG] SystemI::createSoundInternal             : exinfo->cbsize             = 224
[LOG] SystemI::createSoundInternal             : exinfo->length             = 7146560
[LOG] SystemI::createSoundInternal             : exinfo->fileoffset         = 101440
[LOG] SystemI::createSoundInternal             : exinfo->numsubsounds       = 1
[LOG] SystemI::createSoundInternal             : exinfo->inclusionlist      = 00000002108FF4B8
[LOG] SystemI::createSoundInternal             : exinfo->inclusionlistnum   = 1
[LOG] SystemI::createSoundInternal             : exinfo->suggestedsoundtype = 5
[LOG] SystemI::createSoundInternal             : exinfo->useropen           = 00007FF9C02746D0
[LOG] SystemI::createSoundInternal             : exinfo->userclose          = 00007FF9C02746A0
[LOG] SystemI::createSoundInternal             : exinfo->userread           = 00007FF9C02747A0
[LOG] SystemI::createSoundInternal             : exinfo->userseek           = 00007FF9C0274860
[LOG] SystemI::createSoundInternal             : exinfo->fileuserdata       = 0000013A1F688EA8
[LOG] SystemI::createSoundInternal             : exinfo->initialseekpostype = 1
[LOG] SystemI::DSPCodecPoolRegister            : register codec pool for pool type 5
[LOG] SystemI::createSoundInternal             : Sample 0/1: name='Statue Hit 3', format=5, channels=2, frequency=48000, lengthbytes=2528, lengthpcm=7880, pcmblocksize=0, loopstart=0, loopend=0, mode=0x00000000, channelmask=0x00000000, channelorder=0, peakvolume=0.168427.
[LOG] SystemI::createSoundInternal             : Create name='', mode=0x02000202
[LOG] SystemI::createSoundInternal             : exinfo->cbsize             = 224
[LOG] SystemI::createSoundInternal             : exinfo->length             = 7146560
[LOG] SystemI::createSoundInternal             : exinfo->fileoffset         = 101440
[LOG] SystemI::createSoundInternal             : exinfo->numsubsounds       = 1
[LOG] SystemI::createSoundInternal             : exinfo->inclusionlist      = 00000002108FF4B8
[LOG] SystemI::createSoundInternal             : exinfo->inclusionlistnum   = 1
[LOG] SystemI::createSoundInternal             : exinfo->suggestedsoundtype = 5
[LOG] SystemI::createSoundInternal             : exinfo->useropen           = 00007FF9C02746D0
[LOG] SystemI::createSoundInternal             : exinfo->userclose          = 00007FF9C02746A0
[LOG] SystemI::createSoundInternal             : exinfo->userread           = 00007FF9C02747A0
[LOG] SystemI::createSoundInternal             : exinfo->userseek           = 00007FF9C0274860
[LOG] SystemI::createSoundInternal             : exinfo->fileuserdata       = 0000013A1F688EA8
[LOG] SystemI::createSoundInternal             : exinfo->initialseekpostype = 1
[LOG] SystemI::DSPCodecPoolRegister            : register codec pool for pool type 5
[LOG] SystemI::createSoundInternal             : Sample 0/1: name='Statue Hit 6', format=5, channels=2, frequency=48000, lengthbytes=2400, lengthpcm=7880, pcmblocksize=0, loopstart=0, loopend=0, mode=0x00000000, channelmask=0x00000000, channelorder=0, peakvolume=0.291901.
[LOG] SystemI::createSoundInternal             : Create name='', mode=0x02000202
[LOG] SystemI::createSoundInternal             : exinfo->cbsize             = 224
[LOG] SystemI::createSoundInternal             : exinfo->length             = 7146560
[LOG] SystemI::createSoundInternal             : exinfo->fileoffset         = 101440
[LOG] SystemI::createSoundInternal             : exinfo->numsubsounds       = 1
[LOG] SystemI::createSoundInternal             : exinfo->inclusionlist      = 00000002108FF4B8
[LOG] SystemI::createSoundInternal             : exinfo->inclusionlistnum   = 1
[LOG] SystemI::createSoundInternal             : exinfo->suggestedsoundtype = 5
[LOG] SystemI::createSoundInternal             : exinfo->useropen           = 00007FF9C02746D0
[LOG] SystemI::createSoundInternal             : exinfo->userclose          = 00007FF9C02746A0
[LOG] SystemI::createSoundInternal             : exinfo->userread           = 00007FF9C02747A0
[LOG] SystemI::createSoundInternal             : exinfo->userseek           = 00007FF9C0274860
[LOG] SystemI::createSoundInternal             : exinfo->fileuserdata       = 0000013A1F6898F8
[LOG] SystemI::createSoundInternal             : exinfo->initialseekpostype = 1
[LOG] SystemI::DSPCodecPoolRegister            : register codec pool for pool type 5
[LOG] SystemI::createSoundInternal             : Sample 0/1: name='Archway Hit 3', format=5, channels=2, frequency=48000, lengthbytes=3680, lengthpcm=12653, pcmblocksize=0, loopstart=0, loopend=0, mode=0x00000000, channelmask=0x00000000, channelorder=0, peakvolume=0.296082.
[LOG] SystemI::createSoundInternal             : Create name='', mode=0x02000202
[LOG] SystemI::createSoundInternal             : exinfo->cbsize             = 224
[LOG] SystemI::createSoundInternal             : exinfo->length             = 7146560
[LOG] SystemI::createSoundInternal             : exinfo->fileoffset         = 101440
[LOG] SystemI::createSoundInternal             : exinfo->numsubsounds       = 1
[LOG] SystemI::createSoundInternal             : exinfo->inclusionlist      = 00000002108FF4B8
[LOG] SystemI::createSoundInternal             : exinfo->inclusionlistnum   = 1
[LOG] SystemI::createSoundInternal             : exinfo->suggestedsoundtype = 5
[LOG] SystemI::createSoundInternal             : exinfo->useropen           = 00007FF9C02746D0
[LOG] SystemI::createSoundInternal             : exinfo->userclose          = 00007FF9C02746A0
[LOG] SystemI::createSoundInternal             : exinfo->userread           = 00007FF9C02747A0
[LOG] SystemI::createSoundInternal             : exinfo->userseek           = 00007FF9C0274860
[LOG] SystemI::createSoundInternal             : exinfo->fileuserdata       = 0000013A1F6898F8
[LOG] SystemI::createSoundInternal             : exinfo->initialseekpostype = 1
[LOG] SystemI::DSPCodecPoolRegister            : register codec pool for pool type 5
[LOG] SystemI::createSoundInternal             : Sample 0/1: name='Archway Hit 1', format=5, channels=2, frequency=48000, lengthbytes=3680, lengthpcm=12653, pcmblocksize=0, loopstart=0, loopend=0, mode=0x00000000, channelmask=0x00000000, channelorder=0, peakvolume=0.195099.
[LOG] SystemI::createSoundInternal             : Create name='', mode=0x02000202
[LOG] SystemI::createSoundInternal             : exinfo->cbsize             = 224
[LOG] SystemI::createSoundInternal             : exinfo->length             = 7146560
[LOG] SystemI::createSoundInternal             : exinfo->fileoffset         = 101440
[LOG] SystemI::createSoundInternal             : exinfo->numsubsounds       = 1
[LOG] SystemI::createSoundInternal             : exinfo->inclusionlist      = 00000002108FF4B8
[LOG] SystemI::createSoundInternal             : exinfo->inclusionlistnum   = 1
[LOG] SystemI::createSoundInternal             : exinfo->suggestedsoundtype = 5
[LOG] SystemI::createSoundInternal             : exinfo->useropen           = 00007FF9C02746D0
[LOG] SystemI::createSoundInternal             : exinfo->userclose          = 00007FF9C02746A0
[LOG] SystemI::createSoundInternal             : exinfo->userread           = 00007FF9C02747A0
[LOG] SystemI::createSoundInternal             : exinfo->userseek           = 00007FF9C0274860
[LOG] SystemI::createSoundInternal             : exinfo->fileuserdata       = 0000013A1F6898F8
[LOG] SystemI::createSoundInternal             : exinfo->initialseekpostype = 1
[LOG] SystemI::DSPCodecPoolRegister            : register codec pool for pool type 5
[LOG] SystemI::createSoundInternal             : Sample 0/1: name='Archway Hit 4', format=5, channels=2, frequency=48000, lengthbytes=3680, lengthpcm=12653, pcmblocksize=0, loopstart=0, loopend=0, mode=0x00000000, channelmask=0x00000000, channelorder=0, peakvolume=0.261566.
[LOG] SystemI::createSoundInternal             : Create name='', mode=0x02000202
[LOG] SystemI::createSoundInternal             : exinfo->cbsize             = 224
[LOG] SystemI::createSoundInternal             : exinfo->length             = 7146560
[LOG] SystemI::createSoundInternal             : exinfo->fileoffset         = 101440
[LOG] SystemI::createSoundInternal             : exinfo->numsubsounds       = 1
[LOG] SystemI::createSoundInternal             : exinfo->inclusionlist      = 00000002108FF4B8
[LOG] SystemI::createSoundInternal             : exinfo->inclusionlistnum   = 1
[LOG] SystemI::createSoundInternal             : exinfo->suggestedsoundtype = 5
[LOG] SystemI::createSoundInternal             : exinfo->useropen           = 00007FF9C02746D0
[LOG] SystemI::createSoundInternal             : exinfo->userclose          = 00007FF9C02746A0
[LOG] SystemI::createSoundInternal             : exinfo->userread           = 00007FF9C02747A0
[LOG] SystemI::createSoundInternal             : exinfo->userseek           = 00007FF9C0274860
[LOG] SystemI::createSoundInternal             : exinfo->fileuserdata       = 0000013A1F6898F8
[LOG] SystemI::createSoundInternal             : exinfo->initialseekpostype = 1
[LOG] SystemI::DSPCodecPoolRegister            : register codec pool for pool type 5
[LOG] SystemI::createSoundInternal             : Sample 0/1: name='Archway Hit 2', format=5, channels=2, frequency=48000, lengthbytes=3648, lengthpcm=12653, pcmblocksize=0, loopstart=0, loopend=0, mode=0x00000000, channelmask=0x00000000, channelorder=0, peakvolume=0.142212.
[LOG] SystemI::createSoundInternal             : Create name='', mode=0x02000202
[LOG] SystemI::createSoundInternal             : exinfo->cbsize             = 224
[LOG] SystemI::createSoundInternal             : exinfo->length             = 7146560
[LOG] SystemI::createSoundInternal             : exinfo->fileoffset         = 101440
[LOG] SystemI::createSoundInternal             : exinfo->numsubsounds       = 1
[LOG] SystemI::createSoundInternal             : exinfo->inclusionlist      = 00000002108FF4B8
[LOG] SystemI::createSoundInternal             : exinfo->inclusionlistnum   = 1
[LOG] SystemI::createSoundInternal             : exinfo->suggestedsoundtype = 5
[LOG] SystemI::createSoundInternal             : exinfo->useropen           = 00007FF9C02746D0
[LOG] SystemI::createSoundInternal             : exinfo->userclose          = 00007FF9C02746A0
[LOG] SystemI::createSoundInternal             : exinfo->userread           = 00007FF9C02747A0
[LOG] SystemI::createSoundInternal             : exinfo->userseek           = 00007FF9C0274860
[LOG] SystemI::createSoundInternal             : exinfo->fileuserdata       = 0000013A1F6898F8
[LOG] SystemI::createSoundInternal             : exinfo->initialseekpostype = 1
[LOG] SystemI::DSPCodecPoolRegister            : register codec pool for pool type 5
[LOG] SystemI::createSoundInternal             : Sample 0/1: name='Archway Hit 5', format=5, channels=2, frequency=48000, lengthbytes=3680, lengthpcm=12653, pcmblocksize=0, loopstart=0, loopend=0, mode=0x00000000, channelmask=0x00000000, channelorder=0, peakvolume=0.386719.
[LOG] SystemI::createSoundInternal             : Create name='', mode=0x02000202
[LOG] SystemI::createSoundInternal             : exinfo->cbsize             = 224
[LOG] SystemI::createSoundInternal             : exinfo->length             = 7146560
[LOG] SystemI::createSoundInternal             : exinfo->fileoffset         = 101440
[LOG] SystemI::createSoundInternal             : exinfo->numsubsounds       = 1
[LOG] SystemI::createSoundInternal             : exinfo->inclusionlist      = 00000002108FF4B8
[LOG] SystemI::createSoundInternal             : exinfo->inclusionlistnum   = 1
[LOG] SystemI::createSoundInternal             : exinfo->suggestedsoundtype = 5
[LOG] SystemI::createSoundInternal             : exinfo->useropen           = 00007FF9C02746D0
[LOG] SystemI::createSoundInternal             : exinfo->userclose          = 00007FF9C02746A0
[LOG] SystemI::createSoundInternal             : exinfo->userread           = 00007FF9C02747A0
[LOG] SystemI::createSoundInternal             : exinfo->userseek           = 00007FF9C0274860
[LOG] SystemI::createSoundInternal             : exinfo->fileuserdata       = 0000013A1F6898F8
[LOG] SystemI::createSoundInternal             : exinfo->initialseekpostype = 1
[LOG] SystemI::DSPCodecPoolRegister            : register codec pool for pool type 5
[LOG] SystemI::createSoundInternal             : Sample 0/1: name='Pillar 2', format=5, channels=2, frequency=48000, lengthbytes=3968, lengthpcm=14132, pcmblocksize=0, loopstart=0, loopend=0, mode=0x00000000, channelmask=0x00000000, channelorder=0, peakvolume=0.154938.
[LOG] SystemI::createSoundInternal             : Create name='', mode=0x02000202
[LOG] SystemI::createSoundInternal             : exinfo->cbsize             = 224
[LOG] SystemI::createSoundInternal             : exinfo->length             = 7146560
[LOG] SystemI::createSoundInternal             : exinfo->fileoffset         = 101440
[LOG] SystemI::createSoundInternal             : exinfo->numsubsounds       = 1
[LOG] SystemI::createSoundInternal             : exinfo->inclusionlist      = 00000002108FF4B8
[LOG] SystemI::createSoundInternal             : exinfo->inclusionlistnum   = 1
[LOG] SystemI::createSoundInternal             : exinfo->suggestedsoundtype = 5
[LOG] SystemI::createSoundInternal             : exinfo->useropen           = 00007FF9C02746D0
[LOG] SystemI::createSoundInternal             : exinfo->userclose          = 00007FF9C02746A0
[LOG] SystemI::createSoundInternal             : exinfo->userread           = 00007FF9C02747A0
[LOG] SystemI::createSoundInternal             : exinfo->userseek           = 00007FF9C0274860
[LOG] SystemI::createSoundInternal             : exinfo->fileuserdata       = 0000013A1F6898F8
[LOG] SystemI::createSoundInternal             : exinfo->initialseekpostype = 1
[LOG] SystemI::DSPCodecPoolRegister            : register codec pool for pool type 5
[LOG] SystemI::createSoundInternal             : Sample 0/1: name='Pillar 1', format=5, channels=2, frequency=48000, lengthbytes=4128, lengthpcm=14132, pcmblocksize=0, loopstart=0, loopend=0, mode=0x00000000, channelmask=0x00000000, channelorder=0, peakvolume=0.091827.
[LOG] SystemI::createSoundInternal             : Create name='', mode=0x02000202
[LOG] SystemI::createSoundInternal             : exinfo->cbsize             = 224
[LOG] SystemI::createSoundInternal             : exinfo->length             = 7146560
[LOG] SystemI::createSoundInternal             : exinfo->fileoffset         = 101440
[LOG] SystemI::createSoundInternal             : exinfo->numsubsounds       = 1
[LOG] SystemI::createSoundInternal             : exinfo->inclusionlist      = 00000002108FF4B8
[LOG] SystemI::createSoundInternal             : exinfo->inclusionlistnum   = 1
[LOG] SystemI::createSoundInternal             : exinfo->suggestedsoundtype = 5
[LOG] SystemI::createSoundInternal             : exinfo->useropen           = 00007FF9C02746D0
[LOG] SystemI::createSoundInternal             : exinfo->userclose          = 00007FF9C02746A0
[LOG] SystemI::createSoundInternal             : exinfo->userread           = 00007FF9C02747A0
[LOG] SystemI::createSoundInternal             : exinfo->userseek           = 00007FF9C0274860
[LOG] SystemI::createSoundInternal             : exinfo->fileuserdata       = 0000013A1F6898F8
[LOG] SystemI::createSoundInternal             : exinfo->initialseekpostype = 1
[LOG] SystemI::DSPCodecPoolRegister            : register codec pool for pool type 5
[LOG] SystemI::createSoundInternal             : Sample 0/1: name='Pillar 4', format=5, channels=2, frequency=48000, lengthbytes=4128, lengthpcm=14132, pcmblocksize=0, loopstart=0, loopend=0, mode=0x00000000, channelmask=0x00000000, channelorder=0, peakvolume=0.178497.
[LOG] SystemI::createSoundInternal             : Create name='', mode=0x02000202
[LOG] SystemI::createSoundInternal             : exinfo->cbsize             = 224
[LOG] SystemI::createSoundInternal             : exinfo->length             = 7146560
[LOG] SystemI::createSoundInternal             : exinfo->fileoffset         = 101440
[LOG] SystemI::createSoundInternal             : exinfo->numsubsounds       = 1
[LOG] SystemI::createSoundInternal             : exinfo->inclusionlist      = 00000002108FF4B8
[LOG] SystemI::createSoundInternal             : exinfo->inclusionlistnum   = 1
[LOG] SystemI::createSoundInternal             : exinfo->suggestedsoundtype = 5
[LOG] SystemI::createSoundInternal             : exinfo->useropen           = 00007FF9C02746D0
[LOG] SystemI::createSoundInternal             : exinfo->userclose          = 00007FF9C02746A0
[LOG] SystemI::createSoundInternal             : exinfo->userread           = 00007FF9C02747A0
[LOG] SystemI::createSoundInternal             : exinfo->userseek           = 00007FF9C0274860
[LOG] SystemI::createSoundInternal             : exinfo->fileuserdata       = 0000013A1F6898F8
[LOG] SystemI::createSoundInternal             : exinfo->initialseekpostype = 1
[LOG] SystemI::DSPCodecPoolRegister            : register codec pool for pool type 5
[LOG] SystemI::createSoundInternal             : Sample 0/1: name='Pillar 3', format=5, channels=2, frequency=48000, lengthbytes=4000, lengthpcm=14132, pcmblocksize=0, loopstart=0, loopend=0, mode=0x00000000, channelmask=0x00000000, channelorder=0, peakvolume=0.181641.
[LOG] SystemI::createSoundInternal             : Create name='', mode=0x02000202
[LOG] SystemI::createSoundInternal             : exinfo->cbsize             = 224
[LOG] SystemI::createSoundInternal             : exinfo->length             = 7146560
[LOG] SystemI::createSoundInternal             : exinfo->fileoffset         = 101440
[LOG] SystemI::createSoundInternal             : exinfo->numsubsounds       = 1
[LOG] SystemI::createSoundInternal             : exinfo->inclusionlist      = 00000002108FF4B8
[LOG] SystemI::createSoundInternal             : exinfo->inclusionlistnum   = 1
[LOG] SystemI::createSoundInternal             : exinfo->suggestedsoundtype = 5
[LOG] SystemI::createSoundInternal             : exinfo->useropen           = 00007FF9C02746D0
[LOG] SystemI::createSoundInternal             : exinfo->userclose          = 00007FF9C02746A0
[LOG] SystemI::createSoundInternal             : exinfo->userread           = 00007FF9C02747A0
[LOG] SystemI::createSoundInternal             : exinfo->userseek           = 00007FF9C0274860
[LOG] SystemI::createSoundInternal             : exinfo->fileuserdata       = 0000013A1F689F28
[LOG] SystemI::createSoundInternal             : exinfo->initialseekpostype = 1
[LOG] SystemI::DSPCodecPoolRegister            : register codec pool for pool type 5
[LOG] SystemI::createSoundInternal             : Sample 0/1: name='Jail Door Open', format=5, channels=2, frequency=48000, lengthbytes=24192, lengthpcm=97974, pcmblocksize=0, loopstart=0, loopend=0, mode=0x00000000, channelmask=0x00000000, channelorder=0, peakvolume=0.856628.
[LOG] SystemI::createSoundInternal             : Create name='', mode=0x02000202
[LOG] SystemI::createSoundInternal             : exinfo->cbsize             = 224
[LOG] SystemI::createSoundInternal             : exinfo->length             = 7146560
[LOG] SystemI::createSoundInternal             : exinfo->fileoffset         = 101440
[LOG] SystemI::createSoundInternal             : exinfo->numsubsounds       = 1
[LOG] SystemI::createSoundInternal             : exinfo->inclusionlist      = 00000002108FF4B8
[LOG] SystemI::createSoundInternal             : exinfo->inclusionlistnum   = 1
[LOG] SystemI::createSoundInternal             : exinfo->suggestedsoundtype = 5
[LOG] SystemI::createSoundInternal             : exinfo->useropen           = 00007FF9C02746D0
[LOG] SystemI::createSoundInternal             : exinfo->userclose          = 00007FF9C02746A0
[LOG] SystemI::createSoundInternal             : exinfo->userread           = 00007FF9C02747A0
[LOG] SystemI::createSoundInternal             : exinfo->userseek           = 00007FF9C0274860
[LOG] SystemI::createSoundInternal             : exinfo->fileuserdata       = 0000013A1F688EA8
[LOG] SystemI::createSoundInternal             : exinfo->initialseekpostype = 1
[LOG] SystemI::DSPCodecPoolRegister            : register codec pool for pool type 5
[LOG] SystemI::createSoundInternal             : Sample 0/1: name='Bar 2', format=5, channels=2, frequency=48000, lengthbytes=5440, lengthpcm=20171, pcmblocksize=0, loopstart=0, loopend=0, mode=0x00000000, channelmask=0x00000000, channelorder=0, peakvolume=0.071899.
[LOG] SystemI::createSoundInternal             : Create name='', mode=0x02000202
[LOG] SystemI::createSoundInternal             : exinfo->cbsize             = 224
[LOG] SystemI::createSoundInternal             : exinfo->length             = 7146560
[LOG] SystemI::createSoundInternal             : exinfo->fileoffset         = 101440
[LOG] SystemI::createSoundInternal             : exinfo->numsubsounds       = 1
[LOG] SystemI::createSoundInternal             : exinfo->inclusionlist      = 00000002108FF4B8
[LOG] SystemI::createSoundInternal             : exinfo->inclusionlistnum   = 1
[LOG] SystemI::createSoundInternal             : exinfo->suggestedsoundtype = 5
[LOG] SystemI::createSoundInternal             : exinfo->useropen           = 00007FF9C02746D0
[LOG] SystemI::createSoundInternal             : exinfo->userclose          = 00007FF9C02746A0
[LOG] SystemI::createSoundInternal             : exinfo->userread           = 00007FF9C02747A0
[LOG] SystemI::createSoundInternal             : exinfo->userseek           = 00007FF9C0274860
[LOG] SystemI::createSoundInternal             : exinfo->fileuserdata       = 0000013A1F688EA8
[LOG] SystemI::createSoundInternal             : exinfo->initialseekpostype = 1
[LOG] SystemI::DSPCodecPoolRegister            : register codec pool for pool type 5
[LOG] SystemI::createSoundInternal             : Sample 0/1: name='Bar 4', format=5, channels=2, frequency=48000, lengthbytes=5440, lengthpcm=20171, pcmblocksize=0, loopstart=0, loopend=0, mode=0x00000000, channelmask=0x00000000, channelorder=0, peakvolume=0.287476.
[LOG] SystemI::createSoundInternal             : Create name='', mode=0x02000202
[LOG] SystemI::createSoundInternal             : exinfo->cbsize             = 224
[LOG] SystemI::createSoundInternal             : exinfo->length             = 7146560
[LOG] SystemI::createSoundInternal             : exinfo->fileoffset         = 101440
[LOG] SystemI::createSoundInternal             : exinfo->numsubsounds       = 1
[LOG] SystemI::createSoundInternal             : exinfo->inclusionlist      = 00000002108FF4B8
[LOG] SystemI::createSoundInternal             : exinfo->inclusionlistnum   = 1
[LOG] SystemI::createSoundInternal             : exinfo->suggestedsoundtype = 5
[LOG] SystemI::createSoundInternal             : exinfo->useropen           = 00007FF9C02746D0
[LOG] SystemI::createSoundInternal             : exinfo->userclose          = 00007FF9C02746A0
[LOG] SystemI::createSoundInternal             : exinfo->userread           = 00007FF9C02747A0
[LOG] SystemI::createSoundInternal             : exinfo->userseek           = 00007FF9C0274860
[LOG] SystemI::createSoundInternal             : exinfo->fileuserdata       = 0000013A1F688EA8
[LOG] SystemI::createSoundInternal             : exinfo->initialseekpostype = 1
[LOG] SystemI::DSPCodecPoolRegister            : register codec pool for pool type 5
[LOG] SystemI::createSoundInternal             : Sample 0/1: name='Bar 1', format=5, channels=2, frequency=48000, lengthbytes=5728, lengthpcm=20867, pcmblocksize=0, loopstart=0, loopend=0, mode=0x00000000, channelmask=0x00000000, channelorder=0, peakvolume=0.129517.
[LOG] SystemI::createSoundInternal             : Create name='', mode=0x02000202
[LOG] SystemI::createSoundInternal             : exinfo->cbsize             = 224
[LOG] SystemI::createSoundInternal             : exinfo->length             = 7146560
[LOG] SystemI::createSoundInternal             : exinfo->fileoffset         = 101440
[LOG] SystemI::createSoundInternal             : exinfo->numsubsounds       = 1
[LOG] SystemI::createSoundInternal             : exinfo->inclusionlist      = 00000002108FF4B8
[LOG] SystemI::createSoundInternal             : exinfo->inclusionlistnum   = 1
[LOG] SystemI::createSoundInternal             : exinfo->suggestedsoundtype = 5
[LOG] SystemI::createSoundInternal             : exinfo->useropen           = 00007FF9C02746D0
[LOG] SystemI::createSoundInternal             : exinfo->userclose          = 00007FF9C02746A0
[LOG] SystemI::createSoundInternal             : exinfo->userread           = 00007FF9C02747A0
[LOG] SystemI::createSoundInternal             : exinfo->userseek           = 00007FF9C0274860
[LOG] SystemI::createSoundInternal             : exinfo->fileuserdata       = 0000013A1F688EA8
[LOG] SystemI::createSoundInternal             : exinfo->initialseekpostype = 1
[LOG] SystemI::DSPCodecPoolRegister            : register codec pool for pool type 5
[LOG] SystemI::createSoundInternal             : Sample 0/1: name='Bar 3', format=5, channels=2, frequency=48000, lengthbytes=5504, lengthpcm=20171, pcmblocksize=0, loopstart=0, loopend=0, mode=0x00000000, channelmask=0x00000000, channelorder=0, peakvolume=0.278198.
[LOG] SystemI::createSoundInternal             : Create name='', mode=0x02000202
[LOG] SystemI::createSoundInternal             : exinfo->cbsize             = 224
[LOG] SystemI::createSoundInternal             : exinfo->length             = 7146560
[LOG] SystemI::createSoundInternal             : exinfo->fileoffset         = 101440
[LOG] SystemI::createSoundInternal             : exinfo->numsubsounds       = 1
[LOG] SystemI::createSoundInternal             : exinfo->inclusionlist      = 00000002108FF4B8
[LOG] SystemI::createSoundInternal             : exinfo->inclusionlistnum   = 1
[LOG] SystemI::createSoundInternal             : exinfo->suggestedsoundtype = 5
[LOG] SystemI::createSoundInternal             : exinfo->useropen           = 00007FF9C02746D0
[LOG] SystemI::createSoundInternal             : exinfo->userclose          = 00007FF9C02746A0
[LOG] SystemI::createSoundInternal             : exinfo->userread           = 00007FF9C02747A0
[LOG] SystemI::createSoundInternal             : exinfo->userseek           = 00007FF9C0274860
[LOG] SystemI::createSoundInternal             : exinfo->fileuserdata       = 0000013A1F6898F8
[LOG] SystemI::createSoundInternal             : exinfo->initialseekpostype = 1
[LOG] SystemI::DSPCodecPoolRegister            : register codec pool for pool type 5
[LOG] SystemI::createSoundInternal             : Sample 0/1: name='Fountain Hit 2', format=5, channels=2, frequency=48000, lengthbytes=3040, lengthpcm=10453, pcmblocksize=0, loopstart=0, loopend=0, mode=0x00000000, channelmask=0x00000000, channelorder=0, peakvolume=0.317017.
[LOG] SystemI::createSoundInternal             : Create name='', mode=0x02000202
[LOG] SystemI::createSoundInternal             : exinfo->cbsize             = 224
[LOG] SystemI::createSoundInternal             : exinfo->length             = 7146560
[LOG] SystemI::createSoundInternal             : exinfo->fileoffset         = 101440
[LOG] SystemI::createSoundInternal             : exinfo->numsubsounds       = 1
[LOG] SystemI::createSoundInternal             : exinfo->inclusionlist      = 00000002108FF4B8
[LOG] SystemI::createSoundInternal             : exinfo->inclusionlistnum   = 1
[LOG] SystemI::createSoundInternal             : exinfo->suggestedsoundtype = 5
[LOG] SystemI::createSoundInternal             : exinfo->useropen           = 00007FF9C02746D0
[LOG] SystemI::createSoundInternal             : exinfo->userclose          = 00007FF9C02746A0
[LOG] SystemI::createSoundInternal             : exinfo->userread           = 00007FF9C02747A0
[LOG] SystemI::createSoundInternal             : exinfo->userseek           = 00007FF9C0274860
[LOG] SystemI::createSoundInternal             : exinfo->fileuserdata       = 0000013A1F6898F8
[LOG] SystemI::createSoundInternal             : exinfo->initialseekpostype = 1
[LOG] SystemI::DSPCodecPoolRegister            : register codec pool for pool type 5
[LOG] SystemI::createSoundInternal             : Sample 0/1: name='Fountain Hit 4', format=5, channels=2, frequency=48000, lengthbytes=3200, lengthpcm=10453, pcmblocksize=0, loopstart=0, loopend=0, mode=0x00000000, channelmask=0x00000000, channelorder=0, peakvolume=0.218292.
[LOG] SystemI::createSoundInternal             : Create name='', mode=0x02000202
[LOG] SystemI::createSoundInternal             : exinfo->cbsize             = 224
[LOG] SystemI::createSoundInternal             : exinfo->length             = 7146560
[LOG] SystemI::createSoundInternal             : exinfo->fileoffset         = 101440
[LOG] SystemI::createSoundInternal             : exinfo->numsubsounds       = 1
[LOG] SystemI::createSoundInternal             : exinfo->inclusionlist      = 00000002108FF4B8
[LOG] SystemI::createSoundInternal             : exinfo->inclusionlistnum   = 1
[LOG] SystemI::createSoundInternal             : exinfo->suggestedsoundtype = 5
[LOG] SystemI::createSoundInternal             : exinfo->useropen           = 00007FF9C02746D0
[LOG] SystemI::createSoundInternal             : exinfo->userclose          = 00007FF9C02746A0
[LOG] SystemI::createSoundInternal             : exinfo->userread           = 00007FF9C02747A0
[LOG] SystemI::createSoundInternal             : exinfo->userseek           = 00007FF9C0274860
[LOG] SystemI::createSoundInternal             : exinfo->fileuserdata       = 0000013A1F6898F8
[LOG] SystemI::createSoundInternal             : exinfo->initialseekpostype = 1
[LOG] SystemI::DSPCodecPoolRegister            : register codec pool for pool type 5
[LOG] SystemI::createSoundInternal             : Sample 0/1: name='Fountain Hit 3', format=5, channels=2, frequency=48000, lengthbytes=3104, lengthpcm=10453, pcmblocksize=0, loopstart=0, loopend=0, mode=0x00000000, channelmask=0x00000000, channelorder=0, peakvolume=0.243073.
[LOG] SystemI::createSoundInternal             : Create name='', mode=0x02000202
[LOG] SystemI::createSoundInternal             : exinfo->cbsize             = 224
[LOG] SystemI::createSoundInternal             : exinfo->length             = 7146560
[LOG] SystemI::createSoundInternal             : exinfo->fileoffset         = 101440
[LOG] SystemI::createSoundInternal             : exinfo->numsubsounds       = 1
[LOG] SystemI::createSoundInternal             : exinfo->inclusionlist      = 00000002108FF4B8
[LOG] SystemI::createSoundInternal             : exinfo->inclusionlistnum   = 1
[LOG] SystemI::createSoundInternal             : exinfo->suggestedsoundtype = 5
[LOG] SystemI::createSoundInternal             : exinfo->useropen           = 00007FF9C02746D0
[LOG] SystemI::createSoundInternal             : exinfo->userclose          = 00007FF9C02746A0
[LOG] SystemI::createSoundInternal             : exinfo->userread           = 00007FF9C02747A0
[LOG] SystemI::createSoundInternal             : exinfo->userseek           = 00007FF9C0274860
[LOG] SystemI::createSoundInternal             : exinfo->fileuserdata       = 0000013A1F6898F8
[LOG] SystemI::createSoundInternal             : exinfo->initialseekpostype = 1
[LOG] SystemI::DSPCodecPoolRegister            : register codec pool for pool type 5
[LOG] SystemI::createSoundInternal             : Sample 0/1: name='Fountain Hit 5', format=5, channels=2, frequency=48000, lengthbytes=3072, lengthpcm=10453, pcmblocksize=0, loopstart=0, loopend=0, mode=0x00000000, channelmask=0x00000000, channelorder=0, peakvolume=0.188049.
[LOG] SystemI::createSoundInternal             : Create name='', mode=0x02000202
[LOG] SystemI::createSoundInternal             : exinfo->cbsize             = 224
[LOG] SystemI::createSoundInternal             : exinfo->length             = 7146560
[LOG] SystemI::createSoundInternal             : exinfo->fileoffset         = 101440
[LOG] SystemI::createSoundInternal             : exinfo->numsubsounds       = 1
[LOG] SystemI::createSoundInternal             : exinfo->inclusionlist      = 00000002108FF4B8
[LOG] SystemI::createSoundInternal             : exinfo->inclusionlistnum   = 1
[LOG] SystemI::createSoundInternal             : exinfo->suggestedsoundtype = 5
[LOG] SystemI::createSoundInternal             : exinfo->useropen           = 00007FF9C02746D0
[LOG] SystemI::createSoundInternal             : exinfo->userclose          = 00007FF9C02746A0
[LOG] SystemI::createSoundInternal             : exinfo->userread           = 00007FF9C02747A0
[LOG] SystemI::createSoundInternal             : exinfo->userseek           = 00007FF9C0274860
[LOG] SystemI::createSoundInternal             : exinfo->fileuserdata       = 0000013A1F6898F8
[LOG] SystemI::createSoundInternal             : exinfo->initialseekpostype = 1
[LOG] SystemI::DSPCodecPoolRegister            : register codec pool for pool type 5
[LOG] SystemI::createSoundInternal             : Sample 0/1: name='Fountain Hit 1', format=5, channels=2, frequency=48000, lengthbytes=3232, lengthpcm=10453, pcmblocksize=0, loopstart=0, loopend=0, mode=0x00000000, channelmask=0x00000000, channelorder=0, peakvolume=0.266541.
[LOG] SystemI::createSoundInternal             : Create name='', mode=0x02000202
[LOG] SystemI::createSoundInternal             : exinfo->cbsize             = 224
[LOG] SystemI::createSoundInternal             : exinfo->length             = 7146560
[LOG] SystemI::createSoundInternal             : exinfo->fileoffset         = 101440
[LOG] SystemI::createSoundInternal             : exinfo->numsubsounds       = 1
[LOG] SystemI::createSoundInternal             : exinfo->inclusionlist      = 00000002108FF4B8
[LOG] SystemI::createSoundInternal             : exinfo->inclusionlistnum   = 1
[LOG] SystemI::createSoundInternal             : exinfo->suggestedsoundtype = 5
[LOG] SystemI::createSoundInternal             : exinfo->useropen           = 00007FF9C02746D0
[LOG] SystemI::createSoundInternal             : exinfo->userclose          = 00007FF9C02746A0
[LOG] SystemI::createSoundInternal             : exinfo->userread           = 00007FF9C02747A0
[LOG] SystemI::createSoundInternal             : exinfo->userseek           = 00007FF9C0274860
[LOG] SystemI::createSoundInternal             : exinfo->fileuserdata       = 0000013A1F6898F8
[LOG] SystemI::createSoundInternal             : exinfo->initialseekpostype = 1
[LOG] SystemI::DSPCodecPoolRegister            : register codec pool for pool type 5
[LOG] SystemI::createSoundInternal             : Sample 0/1: name='Book Hit 1', format=5, channels=2, frequency=48000, lengthbytes=3360, lengthpcm=10993, pcmblocksize=0, loopstart=0, loopend=0, mode=0x00000000, channelmask=0x00000000, channelorder=0, peakvolume=0.999969.
[LOG] SystemI::createSoundInternal             : Create name='', mode=0x02000202
[LOG] SystemI::createSoundInternal             : exinfo->cbsize             = 224
[LOG] SystemI::createSoundInternal             : exinfo->length             = 7146560
[LOG] SystemI::createSoundInternal             : exinfo->fileoffset         = 101440
[LOG] SystemI::createSoundInternal             : exinfo->numsubsounds       = 1
[LOG] SystemI::createSoundInternal             : exinfo->inclusionlist      = 00000002108FF4B8
[LOG] SystemI::createSoundInternal             : exinfo->inclusionlistnum   = 1
[LOG] SystemI::createSoundInternal             : exinfo->suggestedsoundtype = 5
[LOG] SystemI::createSoundInternal             : exinfo->useropen           = 00007FF9C02746D0
[LOG] SystemI::createSoundInternal             : exinfo->userclose          = 00007FF9C02746A0
[LOG] SystemI::createSoundInternal             : exinfo->userread           = 00007FF9C02747A0
[LOG] SystemI::createSoundInternal             : exinfo->userseek           = 00007FF9C0274860
[LOG] SystemI::createSoundInternal             : exinfo->fileuserdata       = 0000013A1F6898F8
[LOG] SystemI::createSoundInternal             : exinfo->initialseekpostype = 1
[LOG] SystemI::DSPCodecPoolRegister            : register codec pool for pool type 5
[LOG] SystemI::createSoundInternal             : Sample 0/1: name='Book Hit 3', format=5, channels=2, frequency=48000, lengthbytes=4544, lengthpcm=14244, pcmblocksize=0, loopstart=0, loopend=0, mode=0x00000000, channelmask=0x00000000, channelorder=0, peakvolume=0.999969.
[LOG] SystemI::createSoundInternal             : Create name='', mode=0x02000202
[LOG] SystemI::createSoundInternal             : exinfo->cbsize             = 224
[LOG] SystemI::createSoundInternal             : exinfo->length             = 7146560
[LOG] SystemI::createSoundInternal             : exinfo->fileoffset         = 101440
[LOG] SystemI::createSoundInternal             : exinfo->numsubsounds       = 1
[LOG] SystemI::createSoundInternal             : exinfo->inclusionlist      = 00000002108FF4B8
[LOG] SystemI::createSoundInternal             : exinfo->inclusionlistnum   = 1
[LOG] SystemI::createSoundInternal             : exinfo->suggestedsoundtype = 5
[LOG] SystemI::createSoundInternal             : exinfo->useropen           = 00007FF9C02746D0
[LOG] SystemI::createSoundInternal             : exinfo->userclose          = 00007FF9C02746A0
[LOG] SystemI::createSoundInternal             : exinfo->userread           = 00007FF9C02747A0
[LOG] SystemI::createSoundInternal             : exinfo->userseek           = 00007FF9C0274860
[LOG] SystemI::createSoundInternal             : exinfo->fileuserdata       = 0000013A1F6898F8
[LOG] SystemI::createSoundInternal             : exinfo->initialseekpostype = 1
[LOG] SystemI::DSPCodecPoolRegister            : register codec pool for pool type 5
[LOG] SystemI::createSoundInternal             : Sample 0/1: name='Book Hit 2', format=5, channels=2, frequency=48000, lengthbytes=3936, lengthpcm=13069, pcmblocksize=0, loopstart=0, loopend=0, mode=0x00000000, channelmask=0x00000000, channelorder=0, peakvolume=0.434235.
[LOG] SystemI::createSoundInternal             : Create name='', mode=0x02000202
[LOG] SystemI::createSoundInternal             : exinfo->cbsize             = 224
[LOG] SystemI::createSoundInternal             : exinfo->length             = 7146560
[LOG] SystemI::createSoundInternal             : exinfo->fileoffset         = 101440
[LOG] SystemI::createSoundInternal             : exinfo->numsubsounds       = 1
[LOG] SystemI::createSoundInternal             : exinfo->inclusionlist      = 00000002108FF4B8
[LOG] SystemI::createSoundInternal             : exinfo->inclusionlistnum   = 1
[LOG] SystemI::createSoundInternal             : exinfo->suggestedsoundtype = 5
[LOG] SystemI::createSoundInternal             : exinfo->useropen           = 00007FF9C02746D0
[LOG] SystemI::createSoundInternal             : exinfo->userclose          = 00007FF9C02746A0
[LOG] SystemI::createSoundInternal             : exinfo->userread           = 00007FF9C02747A0
[LOG] SystemI::createSoundInternal             : exinfo->userseek           = 00007FF9C0274860
[LOG] SystemI::createSoundInternal             : exinfo->fileuserdata       = 0000013A1F6898F8
[LOG] SystemI::createSoundInternal             : exinfo->initialseekpostype = 1
[LOG] SystemI::DSPCodecPoolRegister            : register codec pool for pool type 5
[LOG] SystemI::createSoundInternal             : Sample 0/1: name='Soft Hit 1', format=5, channels=2, frequency=48000, lengthbytes=2656, lengthpcm=9323, pcmblocksize=0, loopstart=0, loopend=0, mode=0x00000000, channelmask=0x00000000, channelorder=0, peakvolume=0.183258.
[LOG] SystemI::createSoundInternal             : Create name='', mode=0x02000202
[LOG] SystemI::createSoundInternal             : exinfo->cbsize             = 224
[LOG] SystemI::createSoundInternal             : exinfo->length             = 7146560
[LOG] SystemI::createSoundInternal             : exinfo->fileoffset         = 101440
[LOG] SystemI::createSoundInternal             : exinfo->numsubsounds       = 1
[LOG] SystemI::createSoundInternal             : exinfo->inclusionlist      = 00000002108FF4B8
[LOG] SystemI::createSoundInternal             : exinfo->inclusionlistnum   = 1
[LOG] SystemI::createSoundInternal             : exinfo->suggestedsoundtype = 5
[LOG] SystemI::createSoundInternal             : exinfo->useropen           = 00007FF9C02746D0
[LOG] SystemI::createSoundInternal             : exinfo->userclose          = 00007FF9C02746A0
[LOG] SystemI::createSoundInternal             : exinfo->userread           = 00007FF9C02747A0
[LOG] SystemI::createSoundInternal             : exinfo->userseek           = 00007FF9C0274860
[LOG] SystemI::createSoundInternal             : exinfo->fileuserdata       = 0000013A1F6898F8
[LOG] SystemI::createSoundInternal             : exinfo->initialseekpostype = 1
[LOG] SystemI::DSPCodecPoolRegister            : register codec pool for pool type 5
[LOG] SystemI::createSoundInternal             : Sample 0/1: name='Oreo 1', format=5, channels=2, frequency=48000, lengthbytes=2944, lengthpcm=10352, pcmblocksize=0, loopstart=0, loopend=0, mode=0x00000000, channelmask=0x00000000, channelorder=0, peakvolume=0.073029.
[LOG] SystemI::createSoundInternal             : Create name='', mode=0x02000202
[LOG] SystemI::createSoundInternal             : exinfo->cbsize             = 224
[LOG] SystemI::createSoundInternal             : exinfo->length             = 7146560
[LOG] SystemI::createSoundInternal             : exinfo->fileoffset         = 101440
[LOG] SystemI::createSoundInternal             : exinfo->numsubsounds       = 1
[LOG] SystemI::createSoundInternal             : exinfo->inclusionlist      = 00000002108FF4B8
[LOG] SystemI::createSoundInternal             : exinfo->inclusionlistnum   = 1
[LOG] SystemI::createSoundInternal             : exinfo->suggestedsoundtype = 5
[LOG] SystemI::createSoundInternal             : exinfo->useropen           = 00007FF9C02746D0
[LOG] SystemI::createSoundInternal             : exinfo->userclose          = 00007FF9C02746A0
[LOG] SystemI::createSoundInternal             : exinfo->userread           = 00007FF9C02747A0
[LOG] SystemI::createSoundInternal             : exinfo->userseek           = 00007FF9C0274860
[LOG] SystemI::createSoundInternal             : exinfo->fileuserdata       = 0000013A1F6898F8
[LOG] SystemI::createSoundInternal             : exinfo->initialseekpostype = 1
[LOG] SystemI::DSPCodecPoolRegister            : register codec pool for pool type 5
[LOG] SystemI::createSoundInternal             : Sample 0/1: name='Oreo 3', format=5, channels=2, frequency=48000, lengthbytes=2912, lengthpcm=10476, pcmblocksize=0, loopstart=0, loopend=0, mode=0x00000000, channelmask=0x00000000, channelorder=0, peakvolume=0.185364.
[LOG] SystemI::createSoundInternal             : Create name='', mode=0x02000202
[LOG] SystemI::createSoundInternal             : exinfo->cbsize             = 224
[LOG] SystemI::createSoundInternal             : exinfo->length             = 7146560
[LOG] SystemI::createSoundInternal             : exinfo->fileoffset         = 101440
[LOG] SystemI::createSoundInternal             : exinfo->numsubsounds       = 1
[LOG] SystemI::createSoundInternal             : exinfo->inclusionlist      = 00000002108FF4B8
[LOG] SystemI::createSoundInternal             : exinfo->inclusionlistnum   = 1
[LOG] SystemI::createSoundInternal             : exinfo->suggestedsoundtype = 5
[LOG] SystemI::createSoundInternal             : exinfo->useropen           = 00007FF9C02746D0
[LOG] SystemI::createSoundInternal             : exinfo->userclose          = 00007FF9C02746A0
[LOG] SystemI::createSoundInternal             : exinfo->userread           = 00007FF9C02747A0
[LOG] SystemI::createSoundInternal             : exinfo->userseek           = 00007FF9C0274860
[LOG] SystemI::createSoundInternal             : exinfo->fileuserdata       = 0000013A1F6898F8
[LOG] SystemI::createSoundInternal             : exinfo->initialseekpostype = 1
[LOG] SystemI::DSPCodecPoolRegister            : register codec pool for pool type 5
[LOG] SystemI::createSoundInternal             : Sample 0/1: name='Oreo 2', format=5, channels=2, frequency=48000, lengthbytes=2912, lengthpcm=10850, pcmblocksize=0, loopstart=0, loopend=0, mode=0x00000000, channelmask=0x00000000, channelorder=0, peakvolume=0.126282.
[LOG] SystemI::createSoundInternal             : Create name='', mode=0x02000202
[LOG] SystemI::createSoundInternal             : exinfo->cbsize             = 224
[LOG] SystemI::createSoundInternal             : exinfo->length             = 7146560
[LOG] SystemI::createSoundInternal             : exinfo->fileoffset         = 101440
[LOG] SystemI::createSoundInternal             : exinfo->numsubsounds       = 1
[LOG] SystemI::createSoundInternal             : exinfo->inclusionlist      = 00000002108FF4B8
[LOG] SystemI::createSoundInternal             : exinfo->inclusionlistnum   = 1
[LOG] SystemI::createSoundInternal             : exinfo->suggestedsoundtype = 5
[LOG] SystemI::createSoundInternal             : exinfo->useropen           = 00007FF9C02746D0
[LOG] SystemI::createSoundInternal             : exinfo->userclose          = 00007FF9C02746A0
[LOG] SystemI::createSoundInternal             : exinfo->userread           = 00007FF9C02747A0
[LOG] SystemI::createSoundInternal             : exinfo->userseek           = 00007FF9C0274860
[LOG] SystemI::createSoundInternal             : exinfo->fileuserdata       = 0000013A1F6898F8
[LOG] SystemI::createSoundInternal             : exinfo->initialseekpostype = 1
[LOG] SystemI::DSPCodecPoolRegister            : register codec pool for pool type 5
[LOG] SystemI::createSoundInternal             : Sample 0/1: name='Soft Hit 2', format=5, channels=2, frequency=48000, lengthbytes=2688, lengthpcm=9323, pcmblocksize=0, loopstart=0, loopend=0, mode=0x00000000, channelmask=0x00000000, channelorder=0, peakvolume=0.112549.
[LOG] SoundI::release                          :  (000001392F978808)
[LOG] SoundI::release                          :     Ambient Candy 3 (00000137E0845288)
[LOG] SoundI::release                          :  (000001386ABAFD78)
[LOG] SoundI::release                          :     Flower Picked (000001386A4C8778)
[LOG] SoundI::release                          :  (000001386AA847C8)
[LOG] SoundI::release                          :     Place Bottle (000001388D263978)
[LOG] SoundI::release                          :  (0000013867015CD8)
[LOG] SoundI::release                          :     Slide Bottle (000001388D2618F8)
[LOG] SoundI::release                          :  (0000013867015FB8)
[LOG] SoundI::release                          :     Mix Potion (000001388D260A58)
[LOG] SystemI::createSound                     : filename = ../Sounds/Candification_FMOD/Build/Desktop/Master.bank : mode 02010082
[LOG] SystemI::createSound                     : FMOD_NONBLOCKING specified.  Putting into queue to be opened asynchronously!
[LOG] SystemI::createSound                     : setdata soundi = 00000136753EED18 : node = 000001388D6F2100
[LOG] SystemI::createSound                     : add node to async list : head = 000001367539F178.  list count = 0
[LOG] AsyncThread::threadFunc                  : Starting Asynchronous operation on sound 00000136753EED18
[LOG] SystemI::createSoundInternal             :     Create name='../Sounds/Candification_FMOD/Build/Desktop/Master.bank', mode=0x02010082
[LOG] SystemI::createSoundInternal             :     exinfo->cbsize             = 224
[LOG] SystemI::createSoundInternal             :     exinfo->length             = 7146560
[LOG] SystemI::createSoundInternal             :     exinfo->fileoffset         = 101440
[LOG] SystemI::createSoundInternal             :     exinfo->numsubsounds       = 1
[LOG] SystemI::createSoundInternal             :     exinfo->inclusionlist      = 000001388D6F2210
[LOG] SystemI::createSoundInternal             :     exinfo->inclusionlistnum   = 1
[LOG] SystemI::createSoundInternal             :     exinfo->suggestedsoundtype = 5
[LOG] SystemI::createSoundInternal             :     exinfo->initialseekpostype = 1
[LOG] SystemI::createSoundInternal             :     Create name='', mode=0x02000202
[LOG] SystemI::createSoundInternal             :     exinfo->cbsize             = 224
[LOG] SystemI::createSoundInternal             :     exinfo->length             = 7146560
[LOG] SystemI::createSoundInternal             :     exinfo->fileoffset         = 101440
[LOG] SystemI::createSoundInternal             :     exinfo->numsubsounds       = 1
[LOG] SystemI::createSoundInternal             :     exinfo->inclusionlist      = 00000002108FF4B8
[LOG] SystemI::createSoundInternal             :     exinfo->inclusionlistnum   = 1
[LOG] SystemI::createSoundInternal             :     exinfo->suggestedsoundtype = 5
[LOG] SystemI::createSoundInternal             :     exinfo->useropen           = 00007FF9C02746D0
[LOG] SystemI::createSoundInternal             :     exinfo->userclose          = 00007FF9C02746A0
[LOG] SystemI::createSoundInternal             :     exinfo->userread           = 00007FF9C02747A0
[LOG] SystemI::createSoundInternal             :     exinfo->userseek           = 00007FF9C0274860
[LOG] SystemI::createSoundInternal             :     exinfo->fileuserdata       = 000001392F9684A8
[LOG] SystemI::createSoundInternal             :     exinfo->initialseekpostype = 1
[LOG] SystemI::createSoundInternal             :     Stream 0/1: name='mainfloor', format=5, channels=2, frequency=48000, lengthbytes=1338624, lengthpcm=6278400, pcmblocksize=0, loopstart=0, loopend=0, mode=0x00000000, channelmask=0x00000000, channelorder=0, peakvolume=0.421283.
[LOG] SystemI::DSPCodecPoolRegister            :     register codec pool for pool type 5
[LOG] SystemI::createSoundInternal             :     Sample 0/1: name='Ambient Candy 3', format=5, channels=2, frequency=48000, lengthbytes=100512, lengthpcm=327303, pcmblocksize=0, loopstart=0, loopend=0, mode=0x00000000, channelmask=0x00000000, channelorder=0, peakvolume=0.786926.
[LOG] SystemI::createSoundInternal             :     Create name='', mode=0x02000202
[LOG] SystemI::createSoundInternal             :     exinfo->cbsize             = 224
[LOG] SystemI::createSoundInternal             :     exinfo->length             = 7146560
[LOG] SystemI::createSoundInternal             :     exinfo->fileoffset         = 101440
[LOG] SystemI::createSoundInternal             :     exinfo->numsubsounds       = 1
[LOG] SystemI::createSoundInternal             :     exinfo->inclusionlist      = 00000002108FF4B8
[LOG] SystemI::createSoundInternal             :     exinfo->inclusionlistnum   = 1
[LOG] SystemI::createSoundInternal             :     exinfo->suggestedsoundtype = 5
[LOG] SystemI::createSoundInternal             :     exinfo->useropen           = 00007FF9C02746D0
[LOG] SystemI::createSoundInternal             :     exinfo->userclose          = 00007FF9C02746A0
[LOG] SystemI::createSoundInternal             :     exinfo->userread           = 00007FF9C02747A0
[LOG] SystemI::createSoundInternal             :     exinfo->userseek           = 00007FF9C0274860
[LOG] SystemI::createSoundInternal             :     exinfo->fileuserdata       = 000001392F9684A8
[LOG] SystemI::createSoundInternal             :     exinfo->initialseekpostype = 1
[LOG] SystemI::DSPCodecPoolRegister            :     register codec pool for pool type 5
[LOG] SystemI::createSoundInternal             :     Sample 0/1: name='Ambient Candy 2', format=5, channels=2, frequency=48000, lengthbytes=123424, lengthpcm=407233, pcmblocksize=0, loopstart=0, loopend=0, mode=0x00000000, channelmask=0x00000000, channelorder=0, peakvolume=0.450439.
[LOG] SystemI::createSoundInternal             :     Create name='', mode=0x02000202
[LOG] SystemI::createSoundInternal             :     exinfo->cbsize             = 224
[LOG] SystemI::createSoundInternal             :     exinfo->length             = 7146560
[LOG] SystemI::createSoundInternal             :     exinfo->fileoffset         = 101440
[LOG] SystemI::createSoundInternal             :     exinfo->numsubsounds       = 1
[LOG] SystemI::createSoundInternal             :     exinfo->inclusionlist      = 00000002108FF4B8
[LOG] SystemI::createSoundInternal             :     exinfo->inclusionlistnum   = 1
[LOG] SystemI::createSoundInternal             :     exinfo->suggestedsoundtype = 5
[LOG] SystemI::createSoundInternal             :     exinfo->useropen           = 00007FF9C02746D0
[LOG] SystemI::createSoundInternal             :     exinfo->userclose          = 00007FF9C02746A0
[LOG] SystemI::createSoundInternal             :     exinfo->userread           = 00007FF9C02747A0
[LOG] SystemI::createSoundInternal             :     exinfo->userseek           = 00007FF9C0274860
[LOG] SystemI::createSoundInternal             :     exinfo->fileuserdata       = 000001392F9684A8
[LOG] SystemI::createSoundInternal             :     exinfo->initialseekpostype = 1
[LOG] SystemI::DSPCodecPoolRegister            :     register codec pool for pool type 5
[LOG] SystemI::createSoundInternal             :     Sample 0/1: name='3039_SND_Discovery', format=5, channels=2, frequency=48000, lengthbytes=16640, lengthpcm=87461, pcmblocksize=0, loopstart=0, loopend=0, mode=0x00000000, channelmask=0x00000000, channelorder=0, peakvolume=0.163405.
[LOG] AsyncThread::threadFunc                  : Finished Asynchronous operation on sound 00000136753EED18
[LOG] SystemI::createSoundInternal             : Create name='', mode=0x02000202
[LOG] SystemI::createSoundInternal             : exinfo->cbsize             = 224
[LOG] SystemI::createSoundInternal             : exinfo->length             = 7146560
[LOG] SystemI::createSoundInternal             : exinfo->fileoffset         = 101440
[LOG] SystemI::createSoundInternal             : exinfo->numsubsounds       = 1
[LOG] SystemI::createSoundInternal             : exinfo->inclusionlist      = 00000002108FF4B8
[LOG] SystemI::createSoundInternal             : exinfo->inclusionlistnum   = 1
[LOG] SystemI::createSoundInternal             : exinfo->suggestedsoundtype = 5
[LOG] SystemI::createSoundInternal             : exinfo->useropen           = 00007FF9C02746D0
[LOG] SystemI::createSoundInternal             : exinfo->userclose          = 00007FF9C02746A0
[LOG] SystemI::createSoundInternal             : exinfo->userread           = 00007FF9C02747A0
[LOG] SystemI::createSoundInternal             : exinfo->userseek           = 00007FF9C0274860
[LOG] SystemI::createSoundInternal             : exinfo->fileuserdata       = 000001392F9684A8
[LOG] SystemI::createSoundInternal             : exinfo->initialseekpostype = 1
[LOG] SystemI::DSPCodecPoolRegister            : register codec pool for pool type 5
[LOG] SystemI::createSoundInternal             : Sample 0/1: name='Key Pickup', format=5, channels=2, frequency=48000, lengthbytes=8896, lengthpcm=92303, pcmblocksize=0, loopstart=0, loopend=0, mode=0x00000000, channelmask=0x00000000, channelorder=0, peakvolume=0.152893.
[LOG] SystemI::createSoundInternal             : Create name='', mode=0x02000202
[LOG] SystemI::createSoundInternal             : exinfo->cbsize             = 224
[LOG] SystemI::createSoundInternal             : exinfo->length             = 7146560
[LOG] SystemI::createSoundInternal             : exinfo->fileoffset         = 101440
[LOG] SystemI::createSoundInternal             : exinfo->numsubsounds       = 1
[LOG] SystemI::createSoundInternal             : exinfo->inclusionlist      = 00000002108FF4B8
[LOG] SystemI::createSoundInternal             : exinfo->inclusionlistnum   = 1
[LOG] SystemI::createSoundInternal             : exinfo->suggestedsoundtype = 5
[LOG] SystemI::createSoundInternal             : exinfo->useropen           = 00007FF9C02746D0
[LOG] SystemI::createSoundInternal             : exinfo->userclose          = 00007FF9C02746A0
[LOG] SystemI::createSoundInternal             : exinfo->userread           = 00007FF9C02747A0
[LOG] SystemI::createSoundInternal             : exinfo->userseek           = 00007FF9C0274860
[LOG] SystemI::createSoundInternal             : exinfo->fileuserdata       = 000001392F9684A8
[LOG] SystemI::createSoundInternal             : exinfo->initialseekpostype = 1
[LOG] SystemI::DSPCodecPoolRegister            : register codec pool for pool type 5
[LOG] SystemI::createSoundInternal             : Sample 0/1: name='Ambient Candy 1', format=5, channels=2, frequency=48000, lengthbytes=108544, lengthpcm=345219, pcmblocksize=0, loopstart=0, loopend=0, mode=0x00000000, channelmask=0x00000000, channelorder=0, peakvolume=0.485199.
[LOG] SystemI::createSoundInternal             : Create name='', mode=0x02000202
[LOG] SystemI::createSoundInternal             : exinfo->cbsize             = 224
[LOG] SystemI::createSoundInternal             : exinfo->length             = 7146560
[LOG] SystemI::createSoundInternal             : exinfo->fileoffset         = 101440
[LOG] SystemI::createSoundInternal             : exinfo->numsubsounds       = 1
[LOG] SystemI::createSoundInternal             : exinfo->inclusionlist      = 00000002108FF4B8
[LOG] SystemI::createSoundInternal             : exinfo->inclusionlistnum   = 1
[LOG] SystemI::createSoundInternal             : exinfo->suggestedsoundtype = 5
[LOG] SystemI::createSoundInternal             : exinfo->useropen           = 00007FF9C02746D0
[LOG] SystemI::createSoundInternal             : exinfo->userclose          = 00007FF9C02746A0
[LOG] SystemI::createSoundInternal             : exinfo->userread           = 00007FF9C02747A0
[LOG] SystemI::createSoundInternal             : exinfo->userseek           = 00007FF9C0274860
[LOG] SystemI::createSoundInternal             : exinfo->fileuserdata       = 000001392F9684A8
[LOG] SystemI::createSoundInternal             : exinfo->initialseekpostype = 1
[LOG] SystemI::DSPCodecPoolRegister            : register codec pool for pool type 5
[LOG] SystemI::createSoundInternal             : Sample 0/1: name='Wind', format=5, channels=2, frequency=48000, lengthbytes=35872, lengthpcm=162432, pcmblocksize=0, loopstart=0, loopend=0, mode=0x00000000, channelmask=0x00000000, channelorder=0, peakvolume=0.138489.
[LOG] SoundI::release                          :  (00000138670169C8)
[LOG] SoundI::release                          :     Drink Potion (000001388D263B18)
[LOG] SoundI::release                          :  (000001386A470D38)
[LOG] SoundI::release                          :     Jail Door Open (000001386A4C9E38)
[LOG] SoundI::release                          :  (000001386AA84938)
[LOG] SoundI::release                          :     Journal Sheet (000001388D261F78)
[LOG] SoundI::release                          :  (000001386A471018)
[LOG] SoundI::release                          :     Bar 1 (000001386A4C7738)
[LOG] SoundI::release                          :  (000001386A470EA8)
[LOG] SoundI::release                          :     Bar 2 (000001386A4C70B8)
[LOG] SoundI::release                          :  (000001386A4708E8)
[LOG] SoundI::release                          :     Bar 3 (000001386A4C7C18)
[LOG] SoundI::release                          :  (000001386A470A58)
[LOG] SoundI::release                          :     Bar 4 (000001386A4C8F98)
[LOG] SoundI::release                          :  (00000138470663E8)
[LOG] SoundI::release                          :     Fountain Hit 1 (000001386A4C9FD8)
[LOG] SoundI::release                          :  (000001386A470328)
[LOG] SoundI::release                          :     Fountain Hit 2 (000001386A4C7F58)
[LOG] SoundI::release                          :  (000001386A470608)
[LOG] SoundI::release                          :     Fountain Hit 3 (000001386A4C9618)
[LOG] SoundI::release                          :  (000001386A470498)
[LOG] SoundI::release                          :     Fountain Hit 4 (000001386A4C80F8)
[LOG] SoundI::release                          :  (0000013847065B48)
[LOG] SoundI::release                          :     Fountain Hit 5 (000001386A4C9958)
[LOG] SoundI::release                          :  (000001386AA84AA8)
[LOG] SoundI::release                          :     Table Hit 2 (000001388D261758)
[LOG] SoundI::release                          :  (000001386AA84378)
[LOG] SoundI::release                          :     Table Hit 3 (000001388D262118)
[LOG] SoundI::release                          :  (000001386AA84098)
[LOG] SoundI::release                          :     Table Hit (000001388D262AD8)
[LOG] SoundI::release                          :  (000001386AA84C18)
[LOG] SoundI::release                          :     Bowl Tap 1 (000001388D262FB8)
[LOG] SoundI::release                          :  (000001386AA84D88)
[LOG] SoundI::release                          :     Bowl Tap 2 (000001388D2615B8)
[LOG] SoundI::release                          :  (000001386AA84658)
[LOG] SoundI::release                          :     Wood Hit 2 (000001388D2603D8)
[LOG] SoundI::release                          :  (000001386AA84208)
[LOG] SoundI::release                          :     Wood Hit (000001388D263CB8)
[LOG] SoundI::release                          :  (0000013867016408)
[LOG] SoundI::release                          :     Barrel 1 (000001388D262E18)
[LOG] SoundI::release                          :  (0000013867016858)
[LOG] SoundI::release                          :     Barrel 2 (000001388D262C78)
[LOG] SoundI::release                          :  (0000013867016298)
[LOG] SoundI::release                          :     Barrel 3 (000001388D262458)
[LOG] SoundI::release                          : lower floor (0000013A1EA6B338)
[LOG] SoundI::release                          :     lower floor (000001386A4CB4F8)
[LOG] SoundI::release                          :     lower floor (0000013A1EA69EF8)
[LOG] SystemI::createSoundInternal             : Create name='', mode=0x02000202
[LOG] SystemI::createSoundInternal             : exinfo->cbsize             = 224
[LOG] SystemI::createSoundInternal             : exinfo->length             = 7146560
[LOG] SystemI::createSoundInternal             : exinfo->fileoffset         = 101440
[LOG] SystemI::createSoundInternal             : exinfo->numsubsounds       = 1
[LOG] SystemI::createSoundInternal             : exinfo->inclusionlist      = 00000002108FF4B8
[LOG] SystemI::createSoundInternal             : exinfo->inclusionlistnum   = 1
[LOG] SystemI::createSoundInternal             : exinfo->suggestedsoundtype = 5
[LOG] SystemI::createSoundInternal             : exinfo->useropen           = 00007FF9C02746D0
[LOG] SystemI::createSoundInternal             : exinfo->userclose          = 00007FF9C02746A0
[LOG] SystemI::createSoundInternal             : exinfo->userread           = 00007FF9C02747A0
[LOG] SystemI::createSoundInternal             : exinfo->userseek           = 00007FF9C0274860
[LOG] SystemI::createSoundInternal             : exinfo->fileuserdata       = 0000013A1EBB8168
[LOG] SystemI::createSoundInternal             : exinfo->initialseekpostype = 1
[LOG] SystemI::DSPCodecPoolRegister            : register codec pool for pool type 5
[LOG] SystemI::createSoundInternal             : Sample 0/1: name='Door Code Cracked', format=5, channels=2, frequency=48000, lengthbytes=24704, lengthpcm=79445, pcmblocksize=0, loopstart=0, loopend=0, mode=0x00000000, channelmask=0x00000000, channelorder=0, peakvolume=0.551453.
[LOG] SoundI::release                          :  (0000013867016128)
[LOG] SoundI::release                          :     Barrel 4 (000001388D261A98)
[LOG] SoundI::release                          :  (0000013847065F98)
[LOG] SoundI::release                          :     Oreo 1 (0000013967289828)
[LOG] SoundI::release                          :  (00000138470666C8)
[LOG] SoundI::release                          :     Oreo 2 (0000013967287128)
[LOG] SoundI::release                          :  (0000013847066278)
[LOG] SoundI::release                          :     Oreo 3 (0000013967289EA8)
[LOG] SoundI::release                          :  (0000013847066558)
[LOG] SoundI::release                          :     Soft Hit 1 (000001386A4CD3D8)
[LOG] SoundI::release                          :  (0000013847066838)
[LOG] SoundI::release                          :     Soft Hit 2 (00000139672872C8)
[LOG] SoundI::release                          :  (0000013847065E28)
[LOG] SoundI::release                          :     Book Hit 1 (000001386A4CCA18)
[LOG] SoundI::release                          :  (0000013847066108)
[LOG] SoundI::release                          :     Book Hit 2 (000001386A4CDBF8)
[LOG] SystemI::createSound                     : filename = ../Sounds/Candification_FMOD/Build/Desktop/Master.bank : mode 02010082
[LOG] SystemI::createSound                     : FMOD_NONBLOCKING specified.  Putting into queue to be opened asynchronously!
[LOG] SystemI::createSound                     : setdata soundi = 0000013A1ED0BCB8 : node = 000001388D6F29C0
[LOG] SystemI::createSound                     : add node to async list : head = 000001367539F178.  list count = 0
[LOG] AsyncThread::threadFunc                  : Starting Asynchronous operation on sound 0000013A1ED0BCB8
[LOG] SystemI::createSoundInternal             :     Create name='../Sounds/Candification_FMOD/Build/Desktop/Master.bank', mode=0x02010082
[LOG] SystemI::createSoundInternal             :     exinfo->cbsize             = 224
[LOG] SystemI::createSoundInternal             :     exinfo->length             = 7146560
[LOG] SystemI::createSoundInternal             :     exinfo->fileoffset         = 101440
[LOG] SystemI::createSoundInternal             :     exinfo->numsubsounds       = 1
[LOG] SystemI::createSoundInternal             :     exinfo->inclusionlist      = 000001388D6F2AD0
[LOG] SystemI::createSoundInternal             :     exinfo->inclusionlistnum   = 1
[LOG] SystemI::createSoundInternal             :     exinfo->suggestedsoundtype = 5
[LOG] SystemI::createSoundInternal             :     exinfo->initialseekpostype = 1
[LOG] SystemI::createSoundInternal             :     Create name='', mode=0x02000202
[LOG] SystemI::createSoundInternal             :     exinfo->cbsize             = 224
[LOG] SystemI::createSoundInternal             :     exinfo->length             = 7146560
[LOG] SystemI::createSoundInternal             :     exinfo->fileoffset         = 101440
[LOG] SystemI::createSoundInternal             :     exinfo->numsubsounds       = 1
[LOG] SystemI::createSoundInternal             :     exinfo->inclusionlist      = 00000002108FF4B8
[LOG] SystemI::createSoundInternal             :     exinfo->inclusionlistnum   = 1
[LOG] SystemI::createSoundInternal             :     Stream 0/1: name='upper floor', format=5, channels=2, frequency=48000, lengthbytes=2084928, lengthpcm=9694999, pcmblocksize=0, loopstart=0, loopend=0, mode=0x00000000, channelmask=0x00000000, channelorder=0, peakvolume=0.419562.
[LOG] SystemI::createSoundInternal             :     exinfo->suggestedsoundtype = 5
[LOG] SystemI::createSoundInternal             :     exinfo->useropen           = 00007FF9C02746D0
[LOG] SystemI::createSoundInternal             :     exinfo->userclose          = 00007FF9C02746A0
[LOG] SystemI::createSoundInternal             :     exinfo->userread           = 00007FF9C02747A0
[LOG] SystemI::createSoundInternal             :     exinfo->userseek           = 00007FF9C0274860
[LOG] SystemI::createSoundInternal             :     exinfo->fileuserdata       = 0000013A1EBB72F8
[LOG] SystemI::createSoundInternal             :     exinfo->initialseekpostype = 1
[LOG] SystemI::DSPCodecPoolRegister            :     register codec pool for pool type 5
[LOG] SystemI::createSoundInternal             :     Sample 0/1: name='Flower Picked', format=5, channels=2, frequency=48000, lengthbytes=14208, lengthpcm=44657, pcmblocksize=0, loopstart=0, loopend=0, mode=0x00000000, channelmask=0x00000000, channelorder=0, peakvolume=0.677368.
[LOG] AsyncThread::threadFunc                  : Finished Asynchronous operation on sound 0000013A1ED0BCB8
[LOG] SoundI::release                          :  (0000013847065CB8)
[LOG] SoundI::release                          :     Book Hit 3 (000001386A4CD718)
[LOG] SoundI::release                          :  (0000013867016578)
[LOG] SoundI::release                          :     Statue Hit 1 (000001388D260578)
[LOG] SoundI::release                          :  (0000013867015E48)
[LOG] SoundI::release                          :     Statue Hit 2 (000001386A4C8DF8)
[LOG] SoundI::release                          :  (000001393011D7C8)
[LOG] SoundI::release                          :     Statue Hit 3 (000001386A4CC1F8)
[LOG] SoundI::release                          :  (00000138670166E8)
[LOG] SoundI::release                          :     Statue Hit 4 (000001388D2608B8)
[LOG] SoundI::release                          :  (000001393011D658)
[LOG] SoundI::release                          :     Statue Hit 5 (000001386A4C6078)
[LOG] SoundI::release                          :  (000001393011CF28)
[LOG] SoundI::release                          :     Statue Hit 6 (000001386A4C6558)
[LOG] SoundI::release                          :  (000001393011D378)
[LOG] SoundI::release                          :     Pillar 1 (000001386A4C8AB8)
[LOG] SoundI::release                          :  (000001393011D208)
[LOG] SoundI::release                          :     Pillar 2 (000001386A4CA658)
[LOG] SoundI::release                          :  (000001386A470BC8)
[LOG] SoundI::release                          :     Pillar 3 (000001386A4C6D78)
[LOG] SoundI::release                          :  (000001386A470778)
[LOG] SoundI::release                          :     Pillar 4 (000001386A4C6F18)
[LOG] SoundI::release                          : mainfloor (00000136753EED18)
[LOG] SoundI::release                          :     mainfloor (000001386A4C8778)
[LOG] SoundI::release                          :     mainfloor (00000136753EF078)
[LOG] SoundI::release                          :  (000001388BEB1DE8)
[LOG] SoundI::release                          :     Metal Screech (000001386A4CBB78)
[LOG] SystemI::createSound                     : filename = ../Sounds/Candification_FMOD/Build/Desktop/Master.bank : mode 02010082
[LOG] SystemI::createSound                     : FMOD_NONBLOCKING specified.  Putting into queue to be opened asynchronously!
[LOG] SystemI::createSound                     : setdata soundi = 000001392FEC1428 : node = 000001388D6F2EC0
[LOG] SystemI::createSound                     : add node to async list : head = 000001367539F178.  list count = 0
[LOG] AsyncThread::threadFunc                  : Starting Asynchronous operation on sound 000001392FEC1428
[LOG] SystemI::createSoundInternal             :     Create name='../Sounds/Candification_FMOD/Build/Desktop/Master.bank', mode=0x02010082
[LOG] SystemI::createSoundInternal             :     exinfo->cbsize             = 224
[LOG] SystemI::createSoundInternal             :     exinfo->length             = 7146560
[LOG] SystemI::createSoundInternal             :     exinfo->fileoffset         = 101440
[LOG] SystemI::createSoundInternal             :     exinfo->numsubsounds       = 1
[LOG] SystemI::createSoundInternal             :     exinfo->inclusionlist      = 000001388D6F2FD0
[LOG] SystemI::createSoundInternal             :     exinfo->inclusionlistnum   = 1
[LOG] SystemI::createSoundInternal             :     exinfo->suggestedsoundtype = 5
[LOG] SystemI::createSoundInternal             :     exinfo->initialseekpostype = 1
[LOG] SystemI::createSoundInternal             :     Stream 0/1: name='mainfloor', format=5, channels=2, frequency=48000, lengthbytes=1338624, lengthpcm=6278400, pcmblocksize=0, loopstart=0, loopend=0, mode=0x00000000, channelmask=0x00000000, channelorder=0, peakvolume=0.421283.
[LOG] AsyncThread::threadFunc                  : Finished Asynchronous operation on sound 000001392FEC1428
[LOG] SoundI::release                          : upper floor (0000013A1ED0BCB8)
[LOG] SoundI::release                          :     upper floor (000001388D260238)
[LOG] SoundI::release                          :     upper floor (0000013A1ED0A1B8)
[LOG] SystemI::createSoundInternal             : Create name='', mode=0x02000202
[LOG] SystemI::createSoundInternal             : exinfo->cbsize             = 224
[LOG] SystemI::createSoundInternal             : exinfo->length             = 7146560
[LOG] SystemI::createSoundInternal             : exinfo->fileoffset         = 101440
[LOG] SystemI::createSoundInternal             : exinfo->numsubsounds       = 1
[LOG] SystemI::createSoundInternal             : exinfo->inclusionlist      = 00000002108FF4B8
[LOG] SystemI::createSoundInternal             : exinfo->inclusionlistnum   = 1
[LOG] SystemI::createSoundInternal             : exinfo->suggestedsoundtype = 5
[LOG] SystemI::createSoundInternal             : exinfo->useropen           = 00007FF9C02746D0
[LOG] SystemI::createSoundInternal             : exinfo->userclose          = 00007FF9C02746A0
[LOG] SystemI::createSoundInternal             : exinfo->userread           = 00007FF9C02747A0
[LOG] SystemI::createSoundInternal             : exinfo->userseek           = 00007FF9C0274860
[LOG] SystemI::createSoundInternal             : exinfo->fileuserdata       = 000001392F9688C8
[LOG] SystemI::createSoundInternal             : exinfo->initialseekpostype = 1
[LOG] SystemI::DSPCodecPoolRegister            : register codec pool for pool type 5
[LOG] SystemI::createSoundInternal             : Sample 0/1: name='Statue Hit 1', format=5, channels=2, frequency=48000, lengthbytes=2528, lengthpcm=7880, pcmblocksize=0, loopstart=0, loopend=0, mode=0x00000000, channelmask=0x00000000, channelorder=0, peakvolume=0.145142.
[LOG] SystemI::createSoundInternal             : Create name='', mode=0x02000202
[LOG] SystemI::createSoundInternal             : exinfo->cbsize             = 224
[LOG] SystemI::createSoundInternal             : exinfo->length             = 7146560
[LOG] SystemI::createSoundInternal             : exinfo->fileoffset         = 101440
[LOG] SystemI::createSoundInternal             : exinfo->numsubsounds       = 1
[LOG] SystemI::createSoundInternal             : exinfo->inclusionlist      = 00000002108FF4B8
[LOG] SystemI::createSoundInternal             : exinfo->inclusionlistnum   = 1
[LOG] SystemI::createSoundInternal             : exinfo->suggestedsoundtype = 5
[LOG] SystemI::createSoundInternal             : exinfo->useropen           = 00007FF9C02746D0
[LOG] SystemI::createSoundInternal             : exinfo->userclose          = 00007FF9C02746A0
[LOG] SystemI::createSoundInternal             : exinfo->userread           = 00007FF9C02747A0
[LOG] SystemI::createSoundInternal             : exinfo->userseek           = 00007FF9C0274860
[LOG] SystemI::createSoundInternal             : exinfo->fileuserdata       = 000001392F9688C8
[LOG] SystemI::createSoundInternal             : exinfo->initialseekpostype = 1
[LOG] SystemI::DSPCodecPoolRegister            : register codec pool for pool type 5
[LOG] SystemI::createSoundInternal             : Sample 0/1: name='Statue Hit 4', format=5, channels=2, frequency=48000, lengthbytes=2400, lengthpcm=7880, pcmblocksize=0, loopstart=0, loopend=0, mode=0x00000000, channelmask=0x00000000, channelorder=0, peakvolume=0.228821.
[LOG] SystemI::createSoundInternal             : Create name='', mode=0x02000202
[LOG] SystemI::createSoundInternal             : exinfo->cbsize             = 224
[LOG] SystemI::createSoundInternal             : exinfo->length             = 7146560
[LOG] SystemI::createSoundInternal             : exinfo->fileoffset         = 101440
[LOG] SystemI::createSoundInternal             : exinfo->numsubsounds       = 1
[LOG] SystemI::createSoundInternal             : exinfo->inclusionlist      = 00000002108FF4B8
[LOG] SystemI::createSoundInternal             : exinfo->inclusionlistnum   = 1
[LOG] SystemI::createSoundInternal             : exinfo->suggestedsoundtype = 5
[LOG] SystemI::createSoundInternal             : exinfo->useropen           = 00007FF9C02746D0
[LOG] SystemI::createSoundInternal             : exinfo->userclose          = 00007FF9C02746A0
[LOG] SystemI::createSoundInternal             : exinfo->userread           = 00007FF9C02747A0
[LOG] SystemI::createSoundInternal             : exinfo->userseek           = 00007FF9C0274860
[LOG] SystemI::createSoundInternal             : exinfo->fileuserdata       = 000001392F9688C8
[LOG] SystemI::createSoundInternal             : exinfo->initialseekpostype = 1
[LOG] SystemI::DSPCodecPoolRegister            : register codec pool for pool type 5
[LOG] SystemI::createSoundInternal             : Sample 0/1: name='Statue Hit 2', format=5, channels=2, frequency=48000, lengthbytes=2368, lengthpcm=7880, pcmblocksize=0, loopstart=0, loopend=0, mode=0x00000000, channelmask=0x00000000, channelorder=0, peakvolume=0.145447.
[LOG] SystemI::createSoundInternal             : Create name='', mode=0x02000202
[LOG] SystemI::createSoundInternal             : exinfo->cbsize             = 224
[LOG] SystemI::createSoundInternal             : exinfo->length             = 7146560
[LOG] SystemI::createSoundInternal             : exinfo->fileoffset         = 101440
[LOG] SystemI::createSoundInternal             : exinfo->numsubsounds       = 1
[LOG] SystemI::createSoundInternal             : exinfo->inclusionlist      = 00000002108FF4B8
[LOG] SystemI::createSoundInternal             : exinfo->inclusionlistnum   = 1
[LOG] SystemI::createSoundInternal             : exinfo->suggestedsoundtype = 5
[LOG] SystemI::createSoundInternal             : exinfo->useropen           = 00007FF9C02746D0
[LOG] SystemI::createSoundInternal             : exinfo->userclose          = 00007FF9C02746A0
[LOG] SystemI::createSoundInternal             : exinfo->userread           = 00007FF9C02747A0
[LOG] SystemI::createSoundInternal             : exinfo->userseek           = 00007FF9C0274860
[LOG] SystemI::createSoundInternal             : exinfo->fileuserdata       = 000001392F9688C8
[LOG] SystemI::createSoundInternal             : exinfo->initialseekpostype = 1
[LOG] SystemI::DSPCodecPoolRegister            : register codec pool for pool type 5
[LOG] SystemI::createSoundInternal             : Sample 0/1: name='Statue Hit 5', format=5, channels=2, frequency=48000, lengthbytes=2336, lengthpcm=7880, pcmblocksize=0, loopstart=0, loopend=0, mode=0x00000000, channelmask=0x00000000, channelorder=0, peakvolume=0.138428.
[LOG] SystemI::createSoundInternal             : Create name='', mode=0x02000202
[LOG] SystemI::createSoundInternal             : exinfo->cbsize             = 224
[LOG] SystemI::createSoundInternal             : exinfo->length             = 7146560
[LOG] SystemI::createSoundInternal             : exinfo->fileoffset         = 101440
[LOG] SystemI::createSoundInternal             : exinfo->numsubsounds       = 1
[LOG] SystemI::createSoundInternal             : exinfo->inclusionlist      = 00000002108FF4B8
[LOG] SystemI::createSoundInternal             : exinfo->inclusionlistnum   = 1
[LOG] SystemI::createSoundInternal             : exinfo->suggestedsoundtype = 5
[LOG] SystemI::createSoundInternal             : exinfo->useropen           = 00007FF9C02746D0
[LOG] SystemI::createSoundInternal             : exinfo->userclose          = 00007FF9C02746A0
[LOG] SystemI::createSoundInternal             : exinfo->userread           = 00007FF9C02747A0
[LOG] SystemI::createSoundInternal             : exinfo->userseek           = 00007FF9C0274860
[LOG] SystemI::createSoundInternal             : exinfo->fileuserdata       = 000001392F9688C8
[LOG] SystemI::createSoundInternal             : exinfo->initialseekpostype = 1
[LOG] SystemI::DSPCodecPoolRegister            : register codec pool for pool type 5
[LOG] SystemI::createSoundInternal             : Sample 0/1: name='Statue Hit 3', format=5, channels=2, frequency=48000, lengthbytes=2528, lengthpcm=7880, pcmblocksize=0, loopstart=0, loopend=0, mode=0x00000000, channelmask=0x00000000, channelorder=0, peakvolume=0.168427.
[LOG] SystemI::createSoundInternal             : Create name='', mode=0x02000202
[LOG] SystemI::createSoundInternal             : exinfo->cbsize             = 224
[LOG] SystemI::createSoundInternal             : exinfo->length             = 7146560
[LOG] SystemI::createSoundInternal             : exinfo->fileoffset         = 101440
[LOG] SystemI::createSoundInternal             : exinfo->numsubsounds       = 1
[LOG] SystemI::createSoundInternal             : exinfo->inclusionlist      = 00000002108FF4B8
[LOG] SystemI::createSoundInternal             : exinfo->inclusionlistnum   = 1
[LOG] SystemI::createSoundInternal             : exinfo->suggestedsoundtype = 5
[LOG] SystemI::createSoundInternal             : exinfo->useropen           = 00007FF9C02746D0
[LOG] SystemI::createSoundInternal             : exinfo->userclose          = 00007FF9C02746A0
[LOG] SystemI::createSoundInternal             : exinfo->userread           = 00007FF9C02747A0
[LOG] SystemI::createSoundInternal             : exinfo->userseek           = 00007FF9C0274860
[LOG] SystemI::createSoundInternal             : exinfo->fileuserdata       = 000001392F9688C8
[LOG] SystemI::createSoundInternal             : exinfo->initialseekpostype = 1
[LOG] SystemI::DSPCodecPoolRegister            : register codec pool for pool type 5
[LOG] SystemI::createSoundInternal             : Sample 0/1: name='Statue Hit 6', format=5, channels=2, frequency=48000, lengthbytes=2400, lengthpcm=7880, pcmblocksize=0, loopstart=0, loopend=0, mode=0x00000000, channelmask=0x00000000, channelorder=0, peakvolume=0.291901.
[LOG] SoundI::release                          :  (000001388BEB1C78)
[LOG] SoundI::release                          :     Chain (000001386A4C63B8)
[LOG] SoundI::release                          :  (0000013869EC2588)
[LOG] SoundI::release                          :     Door Code Cracked (000001388D263498)
[LOG] SoundI::release                          :  (000001393011DAA8)
[LOG] SoundI::release                          :     Archway Hit 1 (000001386A4C6218)
[LOG] SoundI::release                          :  (000001393011DC18)
[LOG] SoundI::release                          :     Archway Hit 2 (000001386A4C73F8)
[LOG] SoundI::release                          :  (000001393011D4E8)
[LOG] SoundI::release                          :     Archway Hit 3 (000001386A4CC6D8)
[LOG] SoundI::release                          :  (000001393011D938)
[LOG] SoundI::release                          :     Archway Hit 4 (000001386A4C6898)
[LOG] SoundI::release                          :  (000001393011D098)
[LOG] SoundI::release                          :     Archway Hit 5 (000001386A4C9AF8)
[LOG] SoundI::release                          :  (0000013868854768)
[LOG] SoundI::release                          :     Ambient Candy 1 (000001386A4CBEB8)
[LOG] SoundI::release                          :  (00000138688548D8)
[LOG] SoundI::release                          :     Ambient Candy 2 (000001386A4CAB38)
[LOG] SoundI::release                          : mainfloor (000001392FEC1428)
[LOG] SoundI::release                          :     mainfloor (000001388D260D98)
[LOG] SoundI::release                          :     mainfloor (000001392FEBE188)
[LOG] SoundI::release                          :  (00000138688545F8)
[LOG] SoundI::release                          :     Ambient Candy 3 (000001386A4CA7F8)
[LOG] SoundI::release                          :  (0000013869EC2418)
[LOG] SoundI::release                          :     Flower Picked (000001388D262798)
[LOG] SoundI::release                          :  (000001386ABAF1F8)
[LOG] SoundI::release                          :     Wind (000001386A4CD578)
[LOG] SoundI::release                          :  (000001386ABAF648)
[LOG] SoundI::release                          :     Statue Hit 1 (000001388D261278)
[LOG] SoundI::release                          :  (000001386ABAF928)
[LOG] SoundI::release                          :     Statue Hit 2 (000001388D262458)
[LOG] SoundI::release                          :  (000001386ABAFC08)
[LOG] SoundI::release                          :     Statue Hit 3 (000001388D261758)
[LOG] SoundI::release                          :  (000001386ABAF7B8)
[LOG] SoundI::release                          :     Statue Hit 4 (000001388D260238)
[LOG] SoundI::release                          :  (000001386ABAFA98)
[LOG] SoundI::release                          :     Statue Hit 5 (000001388D2608B8)
[LOG] SoundI::release                          :  (000001386ABAF088)
[LOG] SoundI::release                          :     Statue Hit 6 (000001388D260BF8)
[LOG] SoundI::release                          :  (0000013675AEC368)
[LOG] SoundI::release                          :     Step 1 (0000013967288E68)
[LOG] SoundI::release                          :  (0000013675B38A18)
[LOG] SoundI::release                          :     Step 2 (00000139672891A8)
[LOG] SoundI::release                          :  (0000013675B385C8)
[LOG] SoundI::release                          :     Step 3 (00000139672884A8)
[LOG] SoundI::release                          :  (0000013675AEBAC8)
[LOG] SoundI::release                          :     Step 4 (0000013967286428)
[LOG] SoundI::release                          :  (0000013675AEBC38)
[LOG] SoundI::release                          :     Step 5 (00000139672865C8)
[LOG] SoundI::release                          :  (0000013675AEC1F8)
[LOG] SoundI::release                          :     Carpet Step 1 (0000013967287C88)
[LOG] SoundI::release                          :  (0000013675AEBDA8)
[LOG] SoundI::release                          :     Carpet Step 2 (00000139672894E8)
[LOG] SoundI::release                          :  (0000013675AEB958)
[LOG] SoundI::release                          :     Carpet Step 3 (00000139672877A8)
[LOG] SoundI::release                          :  (0000013675AEBF18)
[LOG] SoundI::release                          :     Carpet Step 4 (0000013967286288)
[LOG] SoundI::release                          :  (0000013675B37D28)
[LOG] SoundI::release                          :     Carpet Step 5 (0000013967289D08)
[LOG] SoundI::release                          :  (0000013675AEB678)
[LOG] SoundI::release                          :     Grass Step 1 (0000013967288988)
[LOG] SoundI::release                          :  (0000013675AEC088)
[LOG] SoundI::release                          :     Grass Step 2 (0000013967288B28)
[LOG] SoundI::release                          :  (0000013675AEB7E8)
[LOG] SoundI::release                          :     Grass Step 3 (0000013967288168)
[LOG] SoundI::release                          :  (000001392F978AE8)
[LOG] SoundI::release                          :     Grass Step 4 (0000013967287468)
[LOG] SoundI::release                          :  (000001392F978C58)
[LOG] SoundI::release                          :     Grass Step 5 (00000139672887E8)
[LOG] SoundI::release                          :  (0000013868854488)
[LOG] SoundI::release                          :     3039_SND_Discovery (000001386A4CB698)
[LOG] SoundI::release                          :  (0000013868854A48)
[LOG] SoundI::release                          :     Key Pickup (000001386A4CB9D8)
[LOG] Thread::callback                         : FMOD Studio update thread finished.
[LOG] Thread::callback                         : FMOD Studio bank load thread finished.
[LOG] Profile::disconnectAll                   : Profiler disconnecting all clients
[LOG] Thread::callback                         : FMOD Studio sample load thread finished.
[LOG] LiveUpdate::release                      : 
[LOG] LiveUpdate::reset                        : Reset connection (reason Disconnected)
[LOG] Thread::callback                         : FMOD stream thread finished.
[LOG] Thread::callback                         : FMOD mixer thread finished.
[LOG] Profile::disconnectAll                   : Profiler disconnecting all clients
[LOG] SystemI::close                           : Closed.
[LOG] Thread::callback                         : FMOD Studio bank load thread finished.
[LOG] Thread::callback                         : FMOD Studio sample load thread finished.
[LOG] LiveUpdate::release                      : 
[LOG] LiveUpdate::reset                        : Reset connection (reason Disconnected)
[LOG] Thread::callback                         : FMOD stream thread finished.
[LOG] Thread::callback                         : FMOD mixer thread finished.
[LOG] SystemI::close                           : Closed.
[LOG] Thread::callback                         : FMOD nonblocking thread (0) finished.
[LOG] Thread::callback                         : FMOD file thread finished.
